user_played, instrument_name, velocity, pitch, start (s), end (s)
True,piano,58,51,0.0,0.39391463125
False,piano,58,60,0.39473699999999995,1.5781256312499998
True,piano,49,44,0.39473699999999995,0.7689147812499999
False,piano,49,63,0.5921055,0.7886516312499999
False,piano,49,68,0.7894739999999999,0.98602013125
False,piano,49,72,0.9868425,1.18338863125
False,piano,49,68,1.184211,1.38075713125
False,piano,49,63,1.3815795,1.56825720625
True,piano,58,60,1.5789479999999998,2.7623366312499997
False,piano,49,63,1.7763164999999999,1.97286263125
False,piano,49,68,1.973685,2.17023113125
False,piano,49,72,2.1710534999999997,2.36759963125
False,piano,49,68,2.368422,2.5649681312499997
False,piano,49,63,2.5657905,2.7524682062499997
False,piano,58,60,2.763159,4.69654793125
True,piano,49,43,2.763159,3.1373367812499997
False,piano,49,64,2.9605275,3.15707363125
False,piano,49,70,3.1578959999999996,3.35444213125
False,piano,49,72,3.3552644999999997,3.55181063125
False,piano,49,70,3.5526329999999997,3.7491791312499996
False,piano,49,64,3.7500014999999998,3.9366792062499996
False,piano,49,64,4.1447385,4.34128463125
False,piano,49,70,4.3421069999999995,4.538653131249999
False,piano,49,72,4.5394755,4.73602163125
False,piano,49,70,4.736844,4.9333901312499995
True,piano,58,60,4.736844,5.13075863125
False,piano,49,64,4.9342125,5.1208902062499995
False,piano,58,60,5.131581,5.920232631249999
True,piano,49,41,5.131581,5.50575878125
False,piano,49,63,5.328949499999999,5.52549563125
False,piano,49,69,5.526318,5.72286413125
False,piano,49,72,5.7236864999999995,5.920232631249999
False,piano,49,69,5.921055,6.11760113125
True,piano,58,60,5.921055,6.314969631249999
False,piano,49,63,6.1184235,6.30510120625
False,piano,58,61,6.315791999999999,7.10444363125
False,piano,49,63,6.5131605,6.7097066312499996
False,piano,49,69,6.710528999999999,6.907075131249999
False,piano,49,72,6.9078975,7.10444363125
False,piano,49,69,7.105265999999999,7.301812131249999
True,piano,58,60,7.105265999999999,7.49918063125
False,piano,49,63,7.3026345,7.489312206249999
False,piano,58,60,7.5000029999999995,8.68339163125
True,piano,49,34,7.5000029999999995,7.87418078125
False,piano,49,62,7.697371499999999,7.89391763125
False,piano,49,68,7.89474,8.09128613125
False,piano,49,72,8.0921085,8.28865463125
False,piano,49,68,8.289477,8.486023131249999
False,piano,49,62,8.4868455,8.68339163125
True,piano,58,53,8.684213999999999,9.07812863125
False,piano,49,62,8.881582499999999,9.07812863125
False,piano,49,68,9.078951,9.275497131249999
False,piano,49,72,9.2763195,9.472865631249999
False,piano,49,68,9.473688,9.67023413125
True,piano,58,53,9.473688,9.86760263125
False,piano,49,62,9.671056499999999,9.857734206249999
True,piano,58,53,9.868425,10.262339631249999
True,piano,49,39,9.868425,10.262339631249999
False,piano,49,61,10.0657935,10.262339631249999
False,piano,49,63,10.263162,10.45970813125
True,piano,58,55,10.263162,10.65707663125
False,piano,49,72,10.460530499999999,10.65707663125
False,piano,49,63,10.657898999999999,10.85444513125
True,piano,58,56,10.657898999999999,11.051813631249999
False,piano,49,61,10.8552675,11.041945206249999
True,piano,49,51,11.052636,11.44655063125
True,piano,58,60,11.052636,11.84128763125
False,piano,49,61,11.2500045,11.44655063125
False,piano,49,63,11.447372999999999,11.64391913125
False,piano,49,67,11.644741499999999,11.84128763125
False,piano,49,63,11.84211,12.038656131249999
True,piano,58,58,11.84211,12.236024631249999
False,piano,49,61,12.0394785,12.22615620625
True,piano,49,44,12.236847,12.611024781249998
True,piano,58,56,12.236847,13.42023563125
False,piano,49,60,12.434215499999999,12.63076163125
False,piano,49,63,12.631583999999998,12.82813013125
False,piano,49,68,12.8289525,13.025498631249999
False,piano,49,63,13.026321,13.222867131249998
False,piano,49,60,13.223689499999999,13.41036720625
True,piano,49,32,13.421057999999999,13.79523578125
False,piano,49,56,13.6184265,13.814972631249999
False,piano,49,60,13.815795,14.012341131249999
False,piano,49,68,14.0131635,14.20970963125
False,piano,49,63,14.210531999999999,14.40707813125
True,piano,58,51,14.210531999999999,14.60444663125
False,piano,49,56,14.407900499999998,14.594578206249999
True,piano,49,44,14.605269,14.999183631249998
True,piano,58,60,14.605269,15.788657631249999
False,piano,49,63,14.8026375,14.999183631249998
False,piano,49,68,15.000005999999999,15.19655213125
False,piano,49,72,15.197374499999999,15.39392063125
False,piano,49,68,15.394742999999998,15.591289131249999
False,piano,49,63,15.5921115,15.77878920625
False,piano,58,60,15.78948,16.972868631249998
False,piano,49,63,15.986848499999999,16.18339463125
False,piano,49,68,16.184217,16.38076313125
False,piano,49,72,16.3815855,16.57813163125
False,piano,49,68,16.578954,16.77550013125
False,piano,49,63,16.7763225,16.963000206249998
False,piano,58,60,16.973691,18.90707993125
True,piano,49,43,16.973691,17.34786878125
False,piano,49,64,17.1710595,17.367605631249997
False,piano,49,70,17.368427999999998,17.56497413125
False,piano,49,72,17.565796499999998,17.76234263125
False,piano,49,70,17.763164999999997,17.95971113125
False,piano,49,64,17.9605335,18.14721120625
True,piano,49,42,18.157902,18.532079781249998
False,piano,49,64,18.3552705,18.55181663125
False,piano,49,70,18.552639,18.749185131249998
False,piano,49,72,18.7500075,18.946553631249998
False,piano,49,70,18.947376,19.143922131249997
True,piano,58,60,18.947376,19.34129063125
False,piano,49,64,19.144744499999998,19.33142220625
False,piano,58,60,19.342112999999998,20.13076463125
True,piano,49,41,19.342112999999998,19.71629078125
False,piano,49,63,19.539481499999997,19.73602763125
False,piano,49,69,19.73685,19.93339613125
False,piano,49,72,19.9342185,20.13076463125
False,piano,49,69,20.131587,20.32813313125
True,piano,58,60,20.131587,20.52550163125
False,piano,49,63,20.3289555,20.515633206249998
True,piano,49,53,20.526324,20.920238631249997
True,piano,58,61,20.526324,21.31497563125
True,piano,49,57,20.5921135,20.9194162625
False,piano,49,63,20.7236925,20.920238631249997
False,piano,49,65,20.921060999999998,21.117607131249997
False,piano,49,72,21.118429499999998,21.31497563125
False,piano,49,69,21.315797999999997,21.51234413125
True,piano,58,60,21.315797999999997,21.70971263125
False,piano,49,63,21.513166499999997,21.69984420625
True,piano,49,46,21.710535,22.10444963125
True,piano,58,65,21.710535,22.893923631249997
False,piano,49,62,21.9079035,22.094581206249998
False,piano,49,68,22.105272,22.291949706249998
False,piano,49,77,22.3026405,22.489318206249997
False,piano,49,72,22.500009,22.686686706249997
False,piano,49,68,22.697377499999998,22.88405520625
True,piano,49,34,22.894745999999998,23.26892378125
False,piano,49,56,23.092114499999997,23.27879220625
False,piano,49,58,23.289482999999997,23.47616070625
False,piano,49,65,23.4868515,23.67352920625
False,piano,49,62,23.68422,23.87089770625
True,piano,58,53,23.68422,24.07813463125
False,piano,49,58,23.8815885,24.068266206249998
True,piano,58,53,24.078957,24.472871631249998
True,piano,49,39,24.078957,24.472871631249998
False,piano,49,58,24.2763255,24.463003206249997
False,piano,49,61,24.473694,24.66037170625
True,piano,58,55,24.473694,24.867608631249997
False,piano,49,67,24.671062499999998,24.85774020625
False,piano,49,63,24.868430999999998,25.05510870625
True,piano,58,56,24.868430999999998,25.26234563125
False,piano,49,61,25.065799499999997,25.25247720625
True,piano,49,51,25.263167999999997,25.65708263125
True,piano,58,60,25.263167999999997,26.051819631249998
False,piano,49,61,25.4605365,25.64721420625
False,piano,49,63,25.657905,25.844582706249998
False,piano,49,67,25.8552735,26.041951206249998
False,piano,49,63,26.052642,26.239319706249997
True,piano,58,58,26.052642,26.446556631249997
False,piano,49,61,26.2500105,26.436688206249997
True,piano,49,44,26.447378999999998,26.82155678125
True,piano,58,56,26.447378999999998,26.84129363125
False,piano,49,60,26.644747499999998,26.83142520625
False,piano,49,63,26.842115999999997,27.02879370625
False,piano,49,68,27.039484499999997,27.22616220625
False,piano,49,63,27.236853,27.42353070625
False,piano,49,60,27.4342215,27.620899206249998
True,piano,49,32,27.63159,28.005767781249997
False,piano,49,60,27.8289585,28.015636206249997
False,piano,49,68,28.026327,28.213004706249997
False,piano,49,63,28.223695499999998,28.41037320625
False,piano,49,60,28.421063999999998,28.60774170625
False,piano,58,56,28.618432499999997,28.81497863125
True,piano,49,40,28.815800999999997,29.01234713125
True,piano,58,56,28.815800999999997,29.801821131249998
False,piano,49,61,29.013169499999997,29.19984720625
False,piano,49,68,29.210538,29.397215706249998
False,piano,49,64,29.4079065,29.594584206249998
False,piano,49,61,29.605275,29.791952706249997
False,piano,58,55,29.8026435,29.999189631249997
False,piano,58,56,30.000011999999998,30.98603213125
True,piano,49,37,30.000011999999998,30.196558131249997
True,piano,49,52,30.000011999999998,30.196558131249997
False,piano,49,61,30.197380499999998,30.393926631249997
False,piano,49,68,30.394748999999997,30.59129513125
False,piano,49,64,30.592117499999997,30.78866363125
False,piano,49,61,30.789485999999997,30.98603213125
False,piano,58,58,30.9868545,31.18340063125
False,piano,58,60,31.184223,32.1710655
True,piano,49,44,31.184223,31.38076913125
True,piano,49,51,31.184223,31.38076913125
False,piano,49,63,31.3815915,31.568269206249997
False,piano,49,72,31.57896,31.765637706249997
False,piano,49,68,31.776328499999998,31.963006206249997
False,piano,49,63,31.973696999999998,32.160374706249996
False,piano,49,60,32.1710655,32.36761163125
True,piano,49,32,32.368434,32.564980131249996
False,piano,49,63,32.5658025,32.75248020625
False,piano,49,72,32.763171,32.949848706249995
False,piano,49,68,32.960539499999996,33.14721720625
False,piano,49,63,33.157908,33.34458570625
False,piano,58,60,33.355276499999995,33.55182263125
True,piano,49,44,33.552645,33.94655963125
True,piano,58,60,33.552645,34.53866513125
False,piano,50,65,33.7500135,33.936691206249996
False,piano,51,72,33.947382,34.13405970625
False,piano,52,68,34.1447505,34.331428206249996
False,piano,53,65,34.342119,34.52879670625
False,piano,64,59,34.5394875,34.736033631249995
False,piano,66,60,34.736855999999996,35.72287613125
True,piano,55,41,34.736855999999996,35.11103378125
True,piano,55,56,34.736855999999996,35.11103378125
False,piano,57,65,34.9342245,35.130770631249995
False,piano,58,72,35.131592999999995,35.32813913125
False,piano,59,68,35.3289615,35.52550763125
False,piano,60,65,35.526329999999994,35.72287613125
False,piano,73,62,35.7236985,35.92024463125
False,piano,74,64,35.921067,36.70971863125
True,piano,62,36,35.921067,36.29524478125
True,piano,62,55,35.921067,36.29524478125
False,piano,63,67,36.1184355,36.30511320625
False,piano,65,72,36.315804,36.502481706249995
False,piano,66,76,36.513172499999996,36.69985020625
False,piano,67,72,36.710541,36.89721870625
False,piano,68,67,36.907909499999995,37.09458720625
True,piano,82,64,37.105278,38.288666631249995
False,piano,70,67,37.302646499999994,37.48932420625
False,piano,71,72,37.500015,37.68669270625
False,piano,73,76,37.6973835,37.884061206249996
False,piano,74,72,37.894752,38.08142970625
False,piano,75,67,38.0921205,38.278798206249995
False,piano,91,64,38.289488999999996,39.47287763125
True,piano,76,45,38.289488999999996,38.683403631249995
True,piano,76,52,38.3552785,38.6825812625
True,piano,77,60,38.42189036875,38.6825812625
False,piano,77,69,38.4868575,38.673535206249994
False,piano,78,72,38.684225999999995,38.87090370625
False,piano,80,76,38.8815945,39.06827220625
False,piano,80,72,39.078962999999995,39.26564070625
False,piano,79,69,39.2763315,39.46300920625
True,piano,93,64,39.4737,40.65708863125
False,piano,77,69,39.6710685,39.85774620625
False,piano,76,72,39.868437,40.055114706249995
False,piano,75,76,40.065805499999996,40.25248320625
False,piano,74,72,40.263174,40.449851706249994
False,piano,73,69,40.460542499999995,40.64722020625
False,piano,86,64,40.657911,41.841299631249996
True,piano,72,40,40.657911,41.05182563125
True,piano,72,47,40.7237005,41.0510032625
True,piano,71,56,40.790312368749994,41.0510032625
False,piano,71,68,40.855279499999995,41.04195720625
False,piano,70,71,41.052648,41.23932570625
False,piano,69,76,41.2500165,41.436694206249996
False,piano,68,71,41.447385,41.63406270625
False,piano,67,68,41.6447535,41.831431206249995
True,piano,79,59,41.842121999999996,43.02551063125
False,piano,65,64,42.0394905,42.226168206249994
False,piano,65,68,42.236858999999995,42.42353670625
False,piano,64,71,42.4342275,42.62090520625
False,piano,63,68,42.631595999999995,42.81827370625
False,piano,62,64,42.8289645,43.01564220625
False,piano,73,61,43.026332999999994,44.407912499999995
True,piano,61,40,43.026332999999994,43.42024763125
True,piano,60,56,43.092122499999995,43.4194252625
False,piano,60,64,43.2237015,43.41037920625
False,piano,59,68,43.42107,43.607747706249995
False,piano,58,73,43.618438499999996,43.80511620625
False,piano,57,68,43.815807,44.002484706249994
False,piano,56,64,44.013175499999996,44.19985320625
False,piano,54,61,44.407912499999995,44.959721931249994
False,piano,53,64,44.605281,44.79195870625
False,piano,52,68,44.802649499999994,44.989327206249996
False,piano,51,64,45.000018,45.18669570625
True,piano,61,56,45.000018,45.393932631249996
False,piano,50,61,45.1973865,45.384064206249995
False,piano,58,58,45.394754999999996,46.183406631249994
True,piano,49,39,45.394754999999996,45.788669631249995
True,piano,49,55,45.4605445,45.787847262499994
False,piano,49,63,45.5921235,45.778801206249994
False,piano,49,67,45.789491999999996,45.97616970625
False,piano,49,70,45.9868605,46.173538206249994
False,piano,49,67,46.184228999999995,46.37090670625
False,piano,49,63,46.3815975,46.56827520625
False,piano,58,61,46.578965999999994,47.36761763125
True,piano,49,40,46.578965999999994,46.97288063125
True,piano,49,56,46.644755499999995,46.9720582625
False,piano,49,64,46.7763345,46.97288063125
False,piano,49,68,46.973703,47.170249131249996
False,piano,49,73,47.1710715,47.36761763125
False,piano,49,68,47.36844,47.555117706249995
True,piano,58,59,47.36844,47.76235463125
False,piano,49,64,47.565808499999996,47.75248620625
False,piano,58,58,47.763177,48.15709163125
True,piano,49,39,47.763177,48.15709163125
True,piano,49,55,47.8289665,48.1562692625
False,piano,49,63,47.960545499999995,48.14722320625
False,piano,49,67,48.157914,48.34459170625
True,piano,58,57,48.157914,48.55182863125
False,piano,49,70,48.355282499999994,48.541960206249996
False,piano,49,67,48.552651,48.73932870625
True,piano,58,58,48.552651,48.946565631249996
False,piano,49,63,48.7500195,48.936697206249995
False,piano,58,61,48.947388,49.736039631249994
True,piano,49,40,48.947388,49.341302631249995
True,piano,49,56,49.0131775,49.340480262499995
False,piano,49,64,49.1447565,49.341302631249995
False,piano,49,68,49.342124999999996,49.53867113125
False,piano,49,73,49.5394935,49.736039631249994
False,piano,49,68,49.736861999999995,49.92353970625
True,piano,58,59,49.736861999999995,50.130776631249994
False,piano,49,64,49.9342305,50.12090820625
False,piano,58,58,50.131598999999994,50.52551363125
True,piano,49,39,50.131598999999994,50.52551363125
True,piano,49,55,50.197388499999995,50.5246912625
False,piano,49,63,50.3289675,50.51564520625
False,piano,49,67,50.52633599999999,50.713013706249995
True,piano,58,57,50.52633599999999,50.92025063125
False,piano,49,70,50.7237045,50.91038220625
False,piano,49,67,50.921073,51.107750706249995
True,piano,58,58,50.921073,51.31498763125
False,piano,49,63,51.118441499999996,51.30511920625
False,piano,70,64,51.31581,52.499198631249996
True,piano,49,37,51.31581,51.68998778125
True,piano,49,49,51.31581,51.68998778125
False,piano,49,68,51.513178499999995,51.69985620625
False,piano,49,70,51.710547,51.89722470625
True,piano,58,56,51.710547,52.10446163125
False,piano,49,76,51.907915499999994,52.094593206249996
False,piano,49,70,52.105284,52.29196170625
True,piano,58,58,52.105284,52.499198631249996
False,piano,49,68,52.30265249999999,52.489330206249996
True,piano,58,64,52.500021,52.893935631249995
True,piano,58,63,52.894757999999996,53.288672631249995
True,piano,58,61,53.289494999999995,53.683409631249994
True,piano,58,59,53.684231999999994,54.07814663125
True,piano,58,58,54.078968999999994,54.47288363125
True,piano,58,56,54.473706,54.86762063125
True,piano,58,55,54.868443,55.26235763125
True,piano,49,39,56.052654,56.24920013125
True,piano,49,46,56.2500225,56.446568631249995
True,piano,49,49,56.447390999999996,56.64393713125
True,piano,49,55,56.6447595,56.841305631249995
True,piano,49,58,56.842127999999995,57.03867413125
True,piano,49,61,57.0394965,57.236042631249994
True,piano,49,64,57.236864999999995,57.43341113125
True,piano,49,63,57.4342335,57.62091120625
False,piano,49,64,57.631601999999994,57.818279706249996
False,piano,49,68,57.631601999999994,57.818279706249996
False,piano,49,63,57.8289705,58.01564820625
False,piano,49,67,57.8289705,58.01564820625
False,piano,49,68,58.02633899999999,58.213016706249995
False,piano,49,73,58.02633899999999,58.213016706249995
True,piano,49,64,58.02633899999999,58.213016706249995
False,piano,49,67,58.223707499999996,58.41038520625
False,piano,49,70,58.223707499999996,58.41038520625
True,piano,49,63,58.223707499999996,58.41038520625
False,piano,49,73,58.421076,58.607753706249994
False,piano,49,76,58.421076,58.607753706249994
True,piano,49,68,58.421076,58.607753706249994
False,piano,49,70,58.618444499999995,58.80512220625
False,piano,49,75,58.618444499999995,58.80512220625
True,piano,49,67,58.618444499999995,58.80512220625
False,piano,49,76,58.815813,59.00249070624999
False,piano,49,80,58.815813,59.00249070624999
True,piano,49,73,58.815813,59.00249070624999
False,piano,49,75,59.013181499999995,59.19985920625
False,piano,49,79,59.013181499999995,59.19985920625
True,piano,49,70,59.013181499999995,59.19985920625
False,piano,49,80,59.21055,59.39722770625
False,piano,49,85,59.21055,59.39722770625
True,piano,49,76,59.21055,59.39722770625
False,piano,49,79,59.407918499999994,59.594596206249996
False,piano,49,82,59.407918499999994,59.594596206249996
True,piano,49,75,59.407918499999994,59.594596206249996
False,piano,49,85,59.605287,59.79196470625
False,piano,49,88,59.605287,59.79196470625
True,piano,49,80,59.605287,59.79196470625
False,piano,49,82,59.80265549999999,59.989333206249995
False,piano,49,87,59.80265549999999,59.989333206249995
True,piano,49,79,59.80265549999999,59.989333206249995
False,piano,49,88,60.000023999999996,60.18670170625
False,piano,49,92,60.000023999999996,60.18670170625
True,piano,49,85,60.000023999999996,60.18670170625
False,piano,49,87,60.1973925,60.384070206249994
False,piano,49,91,60.1973925,60.384070206249994
True,piano,49,82,60.1973925,60.384070206249994
False,piano,49,92,60.394760999999995,60.58143870625
False,piano,49,97,60.394760999999995,60.58143870625
True,piano,49,88,60.394760999999995,60.58143870625
False,piano,49,91,60.5921295,60.778807206249994
False,piano,49,94,60.5921295,60.778807206249994
True,piano,49,87,60.5921295,60.778807206249994
False,piano,49,97,60.789497999999995,60.98604413125
False,piano,49,100,60.789497999999995,60.98604413125
True,piano,49,92,60.789497999999995,60.98604413125
False,piano,49,94,60.9868665,61.18341263124999
False,piano,49,99,60.9868665,61.18341263124999
True,piano,49,91,60.9868665,61.18341263124999
False,piano,49,97,61.184234999999994,61.38078113125
False,piano,49,100,61.184234999999994,61.38078113125
True,piano,49,92,61.184234999999994,61.38078113125
False,piano,49,94,61.3816035,61.57814963125
False,piano,49,99,61.3816035,61.57814963125
True,piano,49,91,61.3816035,61.57814963125
False,piano,49,92,61.57897199999999,61.775518131249996
False,piano,49,97,61.57897199999999,61.775518131249996
True,piano,49,88,61.57897199999999,61.775518131249996
False,piano,49,91,61.776340499999996,61.96301820625
False,piano,49,94,61.776340499999996,61.96301820625
True,piano,49,87,61.776340499999996,61.96301820625
False,piano,49,88,61.973709,62.170255131249995
False,piano,49,92,61.973709,62.170255131249995
True,piano,49,85,61.973709,62.170255131249995
False,piano,49,87,62.171077499999996,62.36762363125
False,piano,49,91,62.171077499999996,62.36762363125
True,piano,49,82,62.171077499999996,62.36762363125
False,piano,49,88,62.368446,62.564992131249994
False,piano,49,92,62.368446,62.564992131249994
True,piano,49,85,62.368446,62.564992131249994
False,piano,49,87,62.565814499999995,62.76236063125
False,piano,49,91,62.565814499999995,62.76236063125
True,piano,49,82,62.565814499999995,62.76236063125
False,piano,49,85,62.763183,62.95972913124999
False,piano,49,88,62.763183,62.95972913124999
True,piano,49,80,62.763183,62.95972913124999
False,piano,49,82,62.960551499999994,63.147229206249996
False,piano,49,87,62.960551499999994,63.147229206249996
True,piano,49,79,62.960551499999994,63.147229206249996
False,piano,49,80,63.15792,63.35446613125
False,piano,49,85,63.15792,63.35446613125
True,piano,49,76,63.15792,63.34459770625
False,piano,49,79,63.35528849999999,63.551834631249996
False,piano,49,82,63.35528849999999,63.551834631249996
True,piano,49,75,63.35528849999999,63.541966206249995
False,piano,49,80,63.552656999999996,63.74920313125
False,piano,49,85,63.552656999999996,63.74920313125
True,piano,49,76,63.552656999999996,63.73933470625
False,piano,49,79,63.7500255,63.946571631249995
False,piano,49,82,63.7500255,63.946571631249995
True,piano,49,75,63.7500255,63.936703206249994
False,piano,49,76,63.947393999999996,64.14394013124999
False,piano,49,80,63.947393999999996,64.14394013124999
True,piano,49,73,63.947393999999996,64.13407170625
False,piano,49,75,64.1447625,64.33144020625
False,piano,49,79,64.1447625,64.33144020625
True,piano,49,70,64.1447625,64.33144020625
False,piano,49,73,64.342131,64.53867713125
False,piano,49,76,64.342131,64.53867713125
True,piano,49,68,64.342131,64.52880870624999
False,piano,49,70,64.53949949999999,64.73604563125
False,piano,49,75,64.53949949999999,64.73604563125
True,piano,49,67,64.53949949999999,64.72617720625
False,piano,49,73,64.736868,64.93341413124999
False,piano,49,76,64.736868,64.93341413124999
True,piano,49,68,64.736868,64.92354570625
False,piano,49,70,64.9342365,65.13078263125
False,piano,49,75,64.9342365,65.13078263125
True,piano,49,67,64.9342365,65.12091420624999
False,piano,49,68,65.131605,65.32815113125
False,piano,49,73,65.131605,65.32815113125
True,piano,49,64,65.131605,65.31828270625
False,piano,49,67,65.32897349999999,65.51565120625
False,piano,49,70,65.32897349999999,65.51565120625
True,piano,49,63,65.32897349999999,65.51565120625
False,piano,49,68,65.526342,65.71301970625
False,piano,49,73,65.526342,65.71301970625
True,piano,49,64,65.526342,65.71301970625
False,piano,50,67,65.7237105,65.91038820624999
False,piano,50,70,65.7237105,65.91038820624999
True,piano,50,63,65.7237105,65.91038820624999
False,piano,51,68,65.92107899999999,66.10775670625
False,piano,51,73,65.92107899999999,66.10775670625
True,piano,51,64,65.92107899999999,66.10775670625
False,piano,52,67,66.1184475,66.30512520625
False,piano,52,70,66.1184475,66.30512520625
True,piano,52,63,66.1184475,66.30512520625
False,piano,54,68,66.315816,66.50249370625
False,piano,54,73,66.315816,66.50249370625
True,piano,54,64,66.315816,66.50249370625
False,piano,55,67,66.5131845,66.69986220624999
False,piano,55,70,66.5131845,66.69986220624999
True,piano,55,63,66.5131845,66.69986220624999
False,piano,56,68,66.71055299999999,66.89723070625
False,piano,56,73,66.71055299999999,66.89723070625
True,piano,56,64,66.71055299999999,66.89723070625
False,piano,57,67,66.9079215,67.09459920625
False,piano,57,70,66.9079215,67.09459920625
True,piano,57,63,66.9079215,67.09459920625
False,piano,59,68,67.10529,67.29196770624999
False,piano,59,73,67.10529,67.29196770624999
True,piano,59,64,67.10529,67.29196770624999
False,piano,60,67,67.30265849999999,67.48933620625
False,piano,60,70,67.30265849999999,67.48933620625
True,piano,60,63,67.30265849999999,67.48933620625
False,piano,61,68,67.500027,67.68670470625
False,piano,61,73,67.500027,67.68670470625
True,piano,61,64,67.500027,67.68670470625
False,piano,62,67,67.6973955,67.88407320625
False,piano,62,70,67.6973955,67.88407320625
True,piano,62,63,67.6973955,67.88407320625
False,piano,64,68,67.894764,68.08144170624999
False,piano,64,73,67.894764,68.08144170624999
True,piano,64,64,67.894764,68.08144170624999
False,piano,62,67,68.09213249999999,68.27881020625
False,piano,62,70,68.09213249999999,68.27881020625
True,piano,62,63,68.09213249999999,68.27881020625
False,piano,59,68,68.289501,68.47617870625
False,piano,59,73,68.289501,68.47617870625
True,piano,59,64,68.289501,68.47617870625
False,piano,56,67,68.4868695,68.67354720624999
False,piano,56,70,68.4868695,68.67354720624999
True,piano,56,63,68.4868695,68.67354720624999
False,piano,53,68,68.684238,68.87091570625
False,piano,53,73,68.684238,68.87091570625
True,piano,53,64,68.684238,68.87091570625
False,piano,50,67,68.88160649999999,69.06828420625
False,piano,50,70,68.88160649999999,69.06828420625
True,piano,50,63,68.88160649999999,69.06828420625
False,piano,48,68,69.078975,69.26565270625
False,piano,48,73,69.078975,69.26565270625
True,piano,48,64,69.078975,69.26565270625
False,piano,45,67,69.2763435,69.46302120624999
False,piano,45,70,69.2763435,69.46302120624999
True,piano,45,63,69.2763435,69.46302120624999
False,piano,42,68,69.47371199999999,69.66038970625
False,piano,42,73,69.47371199999999,69.66038970625
True,piano,42,64,69.47371199999999,69.66038970625
False,piano,39,67,69.6710805,69.85775820625
False,piano,39,70,69.6710805,69.85775820625
True,piano,39,63,69.6710805,69.85775820625
False,piano,36,68,69.868449,70.05512670625
False,piano,36,73,69.868449,70.05512670625
True,piano,36,64,69.868449,70.05512670625
False,piano,33,67,70.0658175,70.25249520624999
False,piano,33,70,70.0658175,70.25249520624999
True,piano,33,63,70.0658175,70.25249520624999
False,piano,58,74,71.05265999999999,71.44657463125
False,piano,58,75,71.447397,72.63078563124999
True,piano,49,47,71.447397,71.82157478124999
False,piano,49,63,71.64476549999999,71.84131163125
True,piano,49,54,71.64476549999999,71.84131163125
False,piano,49,66,71.842134,72.03868013124999
True,piano,49,59,71.842134,72.03868013124999
False,piano,49,71,72.0395025,72.23604863125
True,piano,49,63,72.0395025,72.23604863125
False,piano,49,66,72.236871,72.43341713125
True,piano,49,59,72.236871,72.43341713125
False,piano,49,63,72.43423949999999,72.62091720625
True,piano,49,54,72.43423949999999,72.62091720625
False,piano,58,75,72.631608,73.81499663125
False,piano,49,63,72.8289765,73.02552263125
True,piano,49,54,72.8289765,73.02552263125
False,piano,49,66,73.02634499999999,73.22289113125
True,piano,49,59,73.02634499999999,73.22289113125
False,piano,49,71,73.2237135,73.42025963124999
True,piano,49,63,73.2237135,73.42025963124999
False,piano,49,66,73.421082,73.61762813125
True,piano,49,59,73.421082,73.61762813125
False,piano,49,63,73.6184505,73.80512820624999
True,piano,49,54,73.6184505,73.80512820624999
False,piano,58,75,73.81581899999999,75.74920793125
True,piano,49,46,73.81581899999999,74.18999678125
False,piano,49,63,74.0131875,74.20973363124999
True,piano,49,55,74.0131875,74.20973363124999
False,piano,49,67,74.210556,74.40710213125
True,piano,49,61,74.210556,74.40710213125
False,piano,49,73,74.4079245,74.60447063125
True,piano,49,63,74.4079245,74.60447063125
False,piano,49,67,74.60529299999999,74.80183913124999
True,piano,49,61,74.60529299999999,74.80183913124999
False,piano,49,63,74.8026615,74.98933920625
True,piano,49,55,74.8026615,74.98933920625
False,piano,49,63,75.19739849999999,75.39394463125
True,piano,49,55,75.19739849999999,75.39394463125
False,piano,49,67,75.394767,75.59131313124999
True,piano,49,61,75.394767,75.59131313124999
False,piano,49,73,75.5921355,75.78868163125
True,piano,49,63,75.5921355,75.78868163125
False,piano,49,67,75.789504,75.98605013125
False,piano,58,75,75.789504,76.18341863124999
True,piano,49,61,75.789504,75.98605013125
False,piano,49,63,75.98687249999999,76.17355020625
True,piano,49,55,75.98687249999999,76.17355020625
False,piano,58,75,76.184241,76.97289263124999
True,piano,49,45,76.184241,76.55841878125
False,piano,49,63,76.3816095,76.57815563125
True,piano,49,54,76.3816095,76.57815563125
False,piano,49,66,76.57897799999999,76.77552413125
True,piano,49,61,76.57897799999999,76.77552413125
False,piano,49,73,76.7763465,76.97289263124999
True,piano,49,63,76.7763465,76.97289263124999
False,piano,49,66,76.973715,77.17026113125
False,piano,58,75,76.973715,77.36762963125
True,piano,49,61,76.973715,77.17026113125
False,piano,49,63,77.1710835,77.35776120624999
True,piano,49,54,77.1710835,77.35776120624999
False,piano,58,76,77.36845199999999,78.15710363125
True,piano,49,44,77.36845199999999,77.74262978125
False,piano,49,63,77.5658205,77.76236663124999
True,piano,49,54,77.5658205,77.76236663124999
False,piano,49,66,77.763189,77.95973513125
True,piano,49,60,77.763189,77.95973513125
False,piano,49,72,77.9605575,78.15710363125
True,piano,49,63,77.9605575,78.15710363125
False,piano,49,66,78.15792599999999,78.35447213124999
False,piano,58,75,78.15792599999999,78.55184063125
True,piano,49,60,78.15792599999999,78.35447213124999
False,piano,49,63,78.3552945,78.54197220625
True,piano,49,54,78.3552945,78.54197220625
False,piano,58,75,78.552663,79.73605163124999
True,piano,49,37,78.552663,78.92684078125
False,piano,49,63,78.75003149999999,78.94657763125
True,piano,49,53,78.75003149999999,78.94657763125
False,piano,49,65,78.9474,79.14394613124999
True,piano,49,59,78.9474,79.14394613124999
False,piano,49,71,79.1447685,79.34131463125
True,piano,49,63,79.1447685,79.34131463125
False,piano,49,65,79.342137,79.53868313125
True,piano,49,59,79.342137,79.53868313125
False,piano,49,63,79.53950549999999,79.73605163124999
True,piano,49,53,79.53950549999999,79.72618320625
False,piano,58,68,79.736874,80.13078863125
False,piano,49,59,79.9342425,80.13078863125
True,piano,49,49,79.9342425,80.13078863125
False,piano,49,61,80.13161099999999,80.32815713125
True,piano,49,53,80.13161099999999,80.32815713125
False,piano,49,65,80.32897949999999,80.52552563124999
True,piano,49,59,80.32897949999999,80.52552563124999
False,piano,49,61,80.526348,80.72289413125
False,piano,58,68,80.526348,80.92026263125
True,piano,49,53,80.526348,80.72289413125
False,piano,49,59,80.7237165,80.91039420624999
True,piano,49,49,80.7237165,80.91039420624999
False,piano,58,68,80.92108499999999,81.31499963124999
True,piano,49,42,80.92108499999999,81.29526278124999
False,piano,49,61,81.1184535,81.31499963124999
True,piano,49,52,81.1184535,81.31499963124999
False,piano,49,64,81.315822,81.51236813125
False,piano,58,70,81.315822,81.70973663125
True,piano,49,54,81.315822,81.51236813125
False,piano,49,66,81.5131905,81.70973663125
True,piano,49,61,81.5131905,81.70973663125
False,piano,49,64,81.71055899999999,81.90710513124999
False,piano,58,71,81.71055899999999,82.10447363125
True,piano,49,54,81.71055899999999,81.90710513124999
False,piano,49,61,81.9079275,82.09460520625
True,piano,49,52,81.9079275,82.09460520625
False,piano,58,75,82.105296,82.89394763125
False,piano,49,64,82.30266449999999,82.49921063125
True,piano,49,54,82.30266449999999,82.49921063125
False,piano,49,66,82.500033,82.69657913124999
True,piano,49,58,82.500033,82.69657913124999
False,piano,49,70,82.6974015,82.89394763125
True,piano,49,64,82.6974015,82.89394763125
False,piano,49,66,82.89477,83.09131613125
False,piano,58,73,82.89477,83.28868463124999
True,piano,49,58,82.89477,83.09131613125
False,piano,49,64,83.09213849999999,83.27881620625
True,piano,49,54,83.09213849999999,83.27881620625
False,piano,58,73,83.289507,83.68342163125
False,piano,49,63,83.4868755,83.68342163125
True,piano,49,47,83.4868755,83.68342163125
False,piano,49,66,83.68424399999999,83.88079013125
False,piano,58,71,83.68424399999999,84.07815863124999
True,piano,49,54,83.68424399999999,83.88079013125
False,piano,49,63,83.88161249999999,84.07815863124999
True,piano,49,59,83.88161249999999,84.07815863124999
False,piano,58,68,84.078981,84.47289563125
True,piano,49,53,84.078981,84.27552713125
False,piano,49,62,84.2763495,84.47289563125
True,piano,49,59,84.2763495,84.46302720624999
False,piano,49,63,84.47371799999999,84.66039570625
False,piano,58,66,84.47371799999999,84.86763263124999
True,piano,49,54,84.47371799999999,84.67026413125
True,piano,49,63,84.6710865,84.86763263124999
True,piano,49,61,84.868455,85.06500113125
True,piano,49,59,85.0658235,85.26236963125
True,piano,49,56,85.26319199999999,85.45973813124999
False,piano,58,66,85.4605605,85.65710663124999
True,piano,49,54,85.4605605,85.64723820625
False,piano,58,75,85.657929,86.84131763124999
True,piano,49,47,85.657929,86.03210678125
False,piano,50,63,85.85529749999999,86.04197520625
True,piano,50,54,85.85529749999999,86.04197520625
False,piano,51,66,86.05266599999999,86.23934370625
True,piano,51,59,86.05266599999999,86.23934370625
False,piano,52,71,86.2500345,86.43671220625
True,piano,52,63,86.2500345,86.43671220625
False,piano,53,66,86.447403,86.63408070624999
True,piano,53,59,86.447403,86.63408070624999
False,piano,54,63,86.64477149999999,86.83144920625
True,piano,54,54,86.64477149999999,86.83144920625
False,piano,66,75,86.84214,88.02552863125
True,piano,55,46,86.84214,87.21631778125
False,piano,56,63,87.0395085,87.22618620624999
True,piano,56,55,87.0395085,87.22618620624999
False,piano,57,67,87.23687699999999,87.42355470625
True,piano,57,61,87.23687699999999,87.42355470625
False,piano,58,73,87.43424549999999,87.62092320625
True,piano,58,63,87.43424549999999,87.62092320625
False,piano,59,67,87.631614,87.81829170625
True,piano,59,61,87.631614,87.81829170625
False,piano,60,63,87.8289825,88.01566020624999
True,piano,60,55,87.8289825,88.01566020624999
False,piano,73,75,88.02635099999999,89.99921363125
True,piano,61,45,88.02635099999999,88.40052878124999
False,piano,62,63,88.2237195,88.41039720625
True,piano,62,54,88.2237195,88.41039720625
False,piano,63,66,88.421088,88.60776570624999
True,piano,63,60,88.421088,88.60776570624999
False,piano,64,72,88.6184565,88.80513420624999
True,piano,64,63,88.6184565,88.80513420624999
False,piano,65,66,88.81582499999999,89.00250270625
True,piano,65,60,88.81582499999999,89.00250270625
False,piano,66,63,89.0131935,89.19987120625
True,piano,66,54,89.0131935,89.19987120625
True,piano,67,44,89.210562,89.58473978125
False,piano,68,63,89.40793049999999,89.59460820625
True,piano,68,54,89.40793049999999,89.59460820625
False,piano,69,66,89.60529899999999,89.79197670625
True,piano,69,60,89.60529899999999,89.79197670625
False,piano,70,72,89.8026675,89.98934520625
True,piano,70,63,89.8026675,89.98934520625
False,piano,71,66,90.000036,90.18671370624999
False,piano,85,75,90.000036,90.39395063125
True,piano,71,60,90.000036,90.18671370624999
False,piano,72,63,90.19740449999999,90.38408220625
True,piano,72,54,90.19740449999999,90.38408220625
False,piano,87,75,90.394773,91.18342463124999
True,piano,73,43,90.394773,90.76895078125
False,piano,74,64,90.5921415,90.78868763125
True,piano,74,55,90.5921415,90.77881920624999
False,piano,75,67,90.78950999999999,90.98605613125
True,piano,75,60,90.78950999999999,90.97618770624999
False,piano,76,72,90.98687849999999,91.18342463124999
True,piano,76,64,90.98687849999999,91.17355620625
False,piano,77,67,91.184247,91.37092470625
False,piano,92,76,91.184247,91.57816163125
True,piano,77,60,91.184247,91.37092470625
False,piano,78,64,91.3816155,91.56829320624999
True,piano,78,55,91.3816155,91.56829320624999
False,piano,94,75,91.57898399999999,92.36763563125
False,piano,80,64,91.7763525,91.97289863124999
True,piano,80,55,91.7763525,91.96303020625
False,piano,81,67,91.973721,92.17026713125
True,piano,81,60,91.973721,92.16039870624999
False,piano,82,72,92.1710895,92.36763563125
True,piano,82,64,92.1710895,92.35776720624999
False,piano,83,67,92.36845799999999,92.55513570625
False,piano,99,76,92.36845799999999,92.76237263124999
True,piano,83,60,92.36845799999999,92.55513570625
False,piano,84,64,92.5658265,92.75250420625
True,piano,84,55,92.5658265,92.75250420625
False,piano,102,77,92.763195,94.34461010624999
True,piano,85,43,92.763195,93.13737278125
False,piano,86,65,92.96056349999999,93.14724120625
True,piano,86,57,92.96056349999999,93.14724120625
False,piano,87,69,93.15793199999999,93.34460970625
True,piano,87,60,93.15793199999999,93.34460970625
True,piano,87,62,93.15793199999999,93.34460970625
False,piano,88,72,93.3553005,93.54197820625
True,piano,88,65,93.3553005,93.54197820625
False,piano,89,69,93.552669,93.73934670624999
True,piano,89,60,93.552669,93.73934670624999
True,piano,89,62,93.552669,93.73934670624999
False,piano,90,65,93.75003749999999,93.93671520625
True,piano,90,57,93.75003749999999,93.93671520625
False,piano,96,57,94.73688,95.11105778125
False,piano,96,69,94.73688,95.11105778125
False,piano,96,57,95.13161699999999,95.52553163124999
False,piano,96,69,95.13161699999999,95.52553163124999
True,piano,96,43,95.32898549999999,95.51566320625
False,piano,96,59,95.526354,95.92026863125
False,piano,96,71,95.526354,95.92026863125
True,piano,96,50,95.526354,95.71303170624999
True,piano,96,53,95.526354,95.71303170624999
True,piano,96,57,95.7237225,95.91040020624999
False,piano,96,60,95.92109099999999,96.31500563124999
False,piano,96,72,95.92109099999999,96.31500563124999
True,piano,96,50,95.92109099999999,96.10776870625
True,piano,96,53,95.92109099999999,96.10776870625
True,piano,96,43,96.1184595,96.30513720625
False,piano,96,64,96.315828,97.10447963125
True,piano,96,43,96.315828,96.70974263125
False,piano,96,76,96.38901881874999,97.1036572625
True,piano,96,53,96.3898411875,96.7089202625
True,piano,96,59,96.463854375,96.7089202625
False,piano,96,62,97.105302,97.49921663125
False,piano,96,74,97.105302,97.49921663125
False,piano,96,60,97.500039,97.87421678125
False,piano,96,67,97.500039,97.87421678125
False,piano,96,72,97.500039,97.87421678125
True,piano,96,36,97.500039,97.87421678125
True,piano,96,52,97.500039,97.87421678125
True,piano,96,72,97.894776,98.08145370624999
True,piano,96,64,98.09214449999999,98.27882220625
True,piano,96,67,98.289513,98.47619070625
True,piano,96,60,98.4868815,98.67355920624999
True,piano,96,64,98.68424999999999,98.87092770625
True,piano,96,55,98.88161849999999,99.06829620625
True,piano,96,60,99.078987,99.26566470624999
True,piano,96,52,99.2763555,99.46303320624999
True,piano,96,55,99.47372399999999,99.66040170625
False,piano,96,72,99.6710925,99.85777020625
False,piano,96,84,99.6710925,99.85777020625
True,piano,96,48,99.6710925,99.85777020625
False,piano,96,72,99.868461,100.80513900624999
False,piano,96,77,99.868461,100.80513900624999
False,piano,96,80,99.868461,100.80513900624999
False,piano,96,84,99.868461,100.80513900624999
True,piano,96,41,99.868461,100.24263878125
True,piano,96,53,99.868461,100.24263878125
True,piano,96,68,100.26319799999999,100.44987570625
True,piano,96,60,100.4605665,100.64724420625
True,piano,96,65,100.657935,100.84461270624999
False,piano,96,71,100.85530349999999,101.04198120625
False,piano,96,77,100.85530349999999,101.04198120625
False,piano,96,80,100.85530349999999,101.04198120625
False,piano,96,83,100.85530349999999,101.04198120625
True,piano,96,56,100.85530349999999,101.04198120625
False,piano,96,72,101.05267199999999,101.98935000624999
False,piano,96,77,101.05267199999999,101.98935000624999
False,piano,96,80,101.05267199999999,101.98935000624999
False,piano,96,84,101.05267199999999,101.98935000624999
True,piano,96,60,101.05267199999999,101.23934970625
True,piano,96,53,101.2500405,101.43671820624999
True,piano,96,56,101.447409,101.63408670624999
True,piano,96,48,101.64477749999999,101.83145520625
True,piano,96,53,101.842146,102.02882370625
False,piano,96,74,102.0395145,102.22619220624999
False,piano,96,77,102.0395145,102.22619220624999
False,piano,96,80,102.0395145,102.22619220624999
False,piano,96,86,102.0395145,102.22619220624999
True,piano,96,44,102.0395145,102.22619220624999
False,piano,96,76,102.23688299999999,103.17356100625
False,piano,96,79,102.23688299999999,103.17356100625
False,piano,96,88,102.23688299999999,103.17356100625
True,piano,96,36,102.23688299999999,102.61106078124999
True,piano,96,48,102.23688299999999,102.61106078124999
True,piano,96,72,102.63162,102.81829770625
True,piano,96,64,102.8289885,103.01566620624999
True,piano,96,67,103.02635699999999,103.21303470625
False,piano,96,74,103.2237255,103.41040320625
False,piano,96,79,103.2237255,103.41040320625
False,piano,96,86,103.2237255,103.41040320625
True,piano,96,60,103.2237255,103.41040320625
False,piano,96,72,103.421094,103.79527178125
False,piano,96,79,103.421094,103.79527178125
False,piano,96,84,103.421094,103.79527178125
True,piano,96,64,103.421094,103.60777170624999
True,piano,96,55,103.61846249999999,103.80514020624999
True,piano,96,60,103.81583099999999,104.00250870625
True,piano,96,52,104.0131995,104.19987720625
True,piano,96,55,104.210568,104.39724570624999
False,piano,96,76,104.40793649999999,104.59461420625
False,piano,96,88,104.40793649999999,104.59461420625
True,piano,96,48,104.40793649999999,104.59461420625
False,piano,96,76,104.60530499999999,105.54198300624999
False,piano,96,81,104.60530499999999,105.54198300624999
False,piano,96,84,104.60530499999999,105.54198300624999
False,piano,96,88,104.60530499999999,105.54198300624999
True,piano,96,33,104.60530499999999,104.97948278125
True,piano,96,45,104.60530499999999,104.97948278125
True,piano,96,72,105.000042,105.18671970624999
True,piano,96,64,105.19741049999999,105.38408820625
True,piano,96,69,105.394779,105.58145670625
False,piano,98,75,105.5921475,105.77882520624999
False,piano,98,81,105.5921475,105.77882520624999
False,piano,98,84,105.5921475,105.77882520624999
False,piano,98,87,105.5921475,105.77882520624999
True,piano,98,60,105.5921475,105.77882520624999
False,piano,100,76,105.78951599999999,106.72619400625
False,piano,100,81,105.78951599999999,106.72619400625
False,piano,100,84,105.78951599999999,106.72619400625
False,piano,100,88,105.78951599999999,106.72619400625
True,piano,100,64,105.78951599999999,105.97619370624999
True,piano,102,57,105.98688449999999,106.17356220625
True,piano,104,60,106.184253,106.37093070625
True,piano,106,52,106.3816215,106.56829920624999
True,piano,108,57,106.57898999999999,106.76566770625
False,piano,110,78,106.7763585,106.96303620625
False,piano,110,90,106.7763585,106.96303620625
True,piano,110,48,106.7763585,106.96303620625
False,piano,127,80,106.973727,108.15711563125
False,piano,127,92,106.973727,108.15711563125
True,piano,112,40,106.973727,108.15711563125
True,piano,112,52,106.973727,108.15711563125
False,piano,112,71,107.17109549999999,107.36764163125
True,piano,112,59,107.17109549999999,107.36764163125
False,piano,112,76,107.36846399999999,107.56501013124999
True,piano,112,56,107.36846399999999,107.56501013124999
False,piano,112,68,107.5658325,107.76237863124999
True,piano,112,64,107.5658325,107.76237863124999
False,piano,112,71,107.763201,107.95974713125
True,piano,112,59,107.763201,107.95974713125
False,piano,112,76,107.96056949999999,108.14724720625
True,piano,112,56,107.96056949999999,108.14724720625
False,piano,127,80,108.15793799999999,109.34132663125
False,piano,127,92,108.15793799999999,109.34132663125
True,piano,112,40,108.15793799999999,109.34132663125
True,piano,112,52,108.15793799999999,109.34132663125
False,piano,112,71,108.3553065,108.55185263125
True,piano,112,59,108.3553065,108.55185263125
False,piano,112,76,108.552675,108.74922113125
True,piano,112,56,108.552675,108.74922113125
False,piano,112,68,108.75004349999999,108.94658963124999
True,piano,112,64,108.75004349999999,108.94658963124999
False,piano,112,71,108.947412,109.14395813124999
True,piano,112,59,108.947412,109.14395813124999
False,piano,112,76,109.1447805,109.33145820624999
True,piano,112,56,109.1447805,109.33145820624999
False,piano,127,80,109.34214899999999,110.52553763124999
False,piano,127,92,109.34214899999999,110.52553763124999
True,piano,112,39,109.34214899999999,110.52553763124999
True,piano,112,51,109.34214899999999,110.52553763124999
False,piano,112,72,109.53951749999999,109.73606363124999
True,piano,112,60,109.53951749999999,109.73606363124999
False,piano,112,78,109.736886,109.93343213124999
True,piano,112,56,109.736886,109.93343213124999
False,piano,112,68,109.9342545,110.13080063125
True,piano,112,66,109.9342545,110.13080063125
False,piano,112,72,110.13162299999999,110.32816913125
True,piano,112,60,110.13162299999999,110.32816913125
False,piano,112,78,110.32899149999999,110.52553763124999
True,piano,112,56,110.32899149999999,110.52553763124999
False,piano,112,80,110.52636,110.72290613125
True,piano,112,51,110.52636,110.72290613125
False,piano,112,72,110.72372849999999,110.92027463125
True,piano,112,60,110.72372849999999,110.92027463125
False,piano,112,78,110.92109699999999,111.11764313124999
True,piano,112,56,110.92109699999999,111.11764313124999
False,piano,112,68,111.1184655,111.30514320625
True,piano,112,66,111.1184655,111.31501163124999
True,piano,112,60,111.315834,111.51238013125
False,piano,127,80,111.51320249999999,111.70974863125
False,piano,127,92,111.51320249999999,111.70974863125
True,piano,112,56,111.51320249999999,111.69988020625
False,piano,127,80,111.71057099999999,112.49922263124999
False,piano,127,92,111.71057099999999,112.49922263124999
True,piano,112,38,111.71057099999999,112.83474908125
True,piano,112,50,111.71057099999999,112.83474908125
False,piano,112,71,111.9079395,112.10448563125
True,piano,112,59,111.9079395,112.10448563125
False,piano,112,78,112.105308,112.30185413125
True,piano,112,56,112.105308,112.30185413125
False,piano,112,68,112.30267649999999,112.48935420625
True,piano,112,66,112.30267649999999,112.49922263124999
True,piano,112,59,112.500045,112.69659113124999
False,piano,127,80,112.6974135,112.89395963125
False,piano,127,92,112.6974135,112.89395963125
True,piano,112,56,112.6974135,112.88409120624999
False,piano,127,81,112.89478199999999,113.68343363125
False,piano,127,93,112.89478199999999,113.68343363125
True,piano,112,37,112.89478199999999,114.01896008124999
True,piano,112,49,112.89478199999999,114.01896008124999
False,piano,112,71,113.09215049999999,113.28869663124999
True,piano,112,59,113.09215049999999,113.28869663124999
False,piano,112,77,113.289519,113.48606513124999
True,piano,112,56,113.289519,113.48606513124999
False,piano,112,68,113.4868875,113.67356520624999
True,piano,112,65,113.4868875,113.68343363125
True,piano,112,59,113.68425599999999,113.88080213125
False,piano,127,80,113.88162449999999,114.07817063124999
False,piano,127,92,113.88162449999999,114.07817063124999
True,piano,112,56,113.88162449999999,114.06830220625
False,piano,127,80,114.078993,115.26238163125
False,piano,127,92,114.078993,115.26238163125
True,piano,112,42,114.078993,114.27553913125
True,piano,112,52,114.2763615,114.47290763125
True,piano,112,58,114.47372999999999,114.67027613124999
True,piano,112,58,114.6710985,114.86764463124999
True,piano,112,64,114.868467,115.06501313125
True,piano,112,68,115.06583549999999,115.25251320624999
False,piano,112,73,115.26320399999999,115.63738178125
False,piano,112,85,115.26320399999999,115.63738178125
True,piano,112,68,115.26320399999999,115.45975013124999
True,piano,112,64,115.4605725,115.65711863124999
True,piano,112,58,115.657941,115.85448713125
True,piano,112,58,115.85530949999999,116.05185563124999
False,piano,112,73,116.05267799999999,116.42685578125
False,piano,112,85,116.05267799999999,116.42685578125
True,piano,112,52,116.05267799999999,116.24922413124999
True,piano,112,42,116.2500465,116.43672420624999
False,piano,112,73,116.44741499999999,116.84132963124999
False,piano,112,81,116.44741499999999,116.84132963124999
False,piano,112,85,116.44741499999999,116.84132963124999
True,piano,112,35,116.44741499999999,116.64396113125
True,piano,112,47,116.64478349999999,116.84132963124999
False,piano,112,75,116.842152,117.23606663125
False,piano,112,81,116.842152,117.23606663125
False,piano,112,83,116.842152,117.23606663125
False,piano,112,87,116.842152,117.23606663125
True,piano,112,54,116.842152,117.03869813124999
True,piano,112,57,117.0395205,117.23606663125
False,piano,112,76,117.23688899999999,117.63080363124999
False,piano,112,81,117.23688899999999,117.63080363124999
False,piano,112,83,117.23688899999999,117.63080363124999
False,piano,112,88,117.23688899999999,117.63080363124999
True,piano,112,61,117.23688899999999,117.43343513125
True,piano,112,64,117.43425749999999,117.63080363124999
False,piano,127,80,117.631626,118.42027763124999
False,piano,127,83,117.631626,118.42027763124999
False,piano,127,87,117.631626,118.42027763124999
False,piano,127,92,117.631626,118.42027763124999
True,piano,112,68,117.631626,117.82817213125
True,piano,112,63,117.8289945,118.02554063125
True,piano,112,59,118.02636299999999,118.22290913124999
True,piano,112,57,118.2237315,118.42027763124999
False,piano,112,78,118.4211,118.79527778125
False,piano,112,90,118.4211,118.79527778125
True,piano,112,51,118.4211,118.61764613125
True,piano,112,47,118.61846849999999,118.80514620624999
False,piano,112,78,118.81583699999999,119.20975163124999
False,piano,112,80,118.81583699999999,119.20975163124999
False,piano,112,83,118.81583699999999,119.20975163124999
False,piano,112,90,118.81583699999999,119.20975163124999
True,piano,112,40,118.81583699999999,119.01238313124999
True,piano,112,47,119.0132055,119.20975163124999
False,piano,112,76,119.210574,119.60448863124999
False,piano,112,88,119.210574,119.60448863124999
True,piano,112,52,119.210574,119.40712013125
True,piano,112,56,119.40794249999999,119.60448863124999
False,piano,112,73,119.60531099999999,119.99922563125
False,piano,112,79,119.60531099999999,119.99922563125
False,piano,112,85,119.60531099999999,119.99922563125
True,piano,112,58,119.60531099999999,119.80185713124999
True,piano,112,64,119.8026795,119.99922563125
False,piano,112,71,120.00004799999999,120.37422578124999
False,piano,112,80,120.00004799999999,120.37422578124999
False,piano,112,83,120.00004799999999,120.37422578124999
True,piano,112,59,120.00004799999999,120.19659413125
True,piano,112,68,120.19741649999999,120.39396263124999
True,piano,112,64,120.394785,120.59133113124999
True,piano,112,59,120.5921535,120.78869963125
False,piano,112,71,120.78952199999999,121.16369978124999
False,piano,112,83,120.78952199999999,121.16369978124999
True,piano,112,56,120.78952199999999,120.98606813125
True,piano,112,47,120.98689049999999,121.17356820625
False,piano,127,80,121.184259,122.36764763125
False,piano,127,92,121.184259,122.36764763125
True,piano,112,40,121.184259,122.36764763125
True,piano,112,52,121.184259,122.36764763125
False,piano,112,71,121.3816275,121.57817363125
True,piano,112,59,121.3816275,121.57817363125
False,piano,112,76,121.57899599999999,121.77554213124999
True,piano,112,56,121.57899599999999,121.77554213124999
False,piano,112,68,121.7763645,121.97291063124999
True,piano,112,64,121.7763645,121.97291063124999
False,piano,112,71,121.973733,122.17027913125
True,piano,112,59,121.973733,122.17027913125
False,piano,112,76,122.17110149999999,122.35777920624999
True,piano,112,56,122.17110149999999,122.35777920624999
False,piano,127,80,122.36846999999999,123.55185863125
False,piano,127,92,122.36846999999999,123.55185863125
True,piano,112,39,122.36846999999999,123.55185863125
True,piano,112,51,122.36846999999999,123.55185863125
False,piano,112,72,122.5658385,122.76238463124999
True,piano,112,60,122.5658385,122.76238463124999
False,piano,112,78,122.763207,122.95975313125
True,piano,112,56,122.763207,122.95975313125
False,piano,112,68,122.96057549999999,123.15712163124999
True,piano,112,66,122.96057549999999,123.15712163124999
False,piano,112,72,123.15794399999999,123.35449013124999
True,piano,112,60,123.15794399999999,123.35449013124999
False,piano,112,78,123.3553125,123.54199020624999
True,piano,112,56,123.3553125,123.54199020624999
False,piano,127,80,123.55268099999999,124.736892
False,piano,127,92,123.55268099999999,125.92028063125
True,piano,112,38,123.55268099999999,125.92028063125
True,piano,112,50,123.55268099999999,125.92028063125
False,piano,112,71,123.75004949999999,123.94659563124999
True,piano,112,59,123.75004949999999,123.94659563124999
False,piano,112,77,123.947418,124.14396413124999
True,piano,112,56,123.947418,124.14396413124999
False,piano,112,68,124.1447865,124.34133263125
True,piano,112,65,124.1447865,124.34133263125
False,piano,112,71,124.34215499999999,124.53870113125
True,piano,112,59,124.34215499999999,124.53870113125
False,piano,112,77,124.53952349999999,124.73606963124999
True,piano,112,56,124.53952349999999,124.73606963124999
False,piano,112,80,124.736892,125.92028063125
True,piano,112,49,124.736892,124.93343813124999
False,piano,112,71,124.9342605,125.13080663125
True,piano,112,59,124.9342605,125.13080663125
False,piano,112,77,125.13162899999999,125.32817513124999
True,piano,112,56,125.13162899999999,125.32817513124999
False,piano,112,68,125.32899749999999,125.52554363124999
True,piano,112,65,125.32899749999999,125.52554363124999
False,piano,112,71,125.526366,125.72291213125
True,piano,112,59,125.526366,125.72291213125
False,piano,112,77,125.72373449999999,125.91041220624999
True,piano,112,56,125.72373449999999,125.91041220624999
False,piano,127,80,125.92110299999999,127.10449163125
False,piano,127,92,125.92110299999999,127.10449163125
True,piano,112,36,125.92110299999999,127.10449163125
True,piano,112,48,125.92110299999999,127.10449163125
False,piano,112,72,126.1184715,126.31501763124999
True,piano,112,60,126.1184715,126.31501763124999
False,piano,112,77,126.31584,126.51238613125
True,piano,112,56,126.31584,126.51238613125
False,piano,112,68,126.51320849999999,126.70975463125
True,piano,112,65,126.51320849999999,126.70975463125
False,piano,112,72,126.71057699999999,126.90712313124999
True,piano,112,60,126.71057699999999,126.90712313124999
False,piano,112,77,126.9079455,127.09462320624999
True,piano,112,56,126.9079455,127.09462320624999
False,piano,127,80,127.10531399999999,128.28870263125
False,piano,127,92,127.10531399999999,128.28870263125
True,piano,112,35,127.10531399999999,128.28870263125
True,piano,112,47,127.10531399999999,128.28870263125
False,piano,112,73,127.30268249999999,127.49922863124999
True,piano,112,61,127.30268249999999,127.49922863124999
False,piano,112,77,127.500051,127.69659713124999
True,piano,112,56,127.500051,127.69659713124999
False,piano,112,68,127.6974195,127.89396563125
True,piano,112,65,127.6974195,127.89396563125
False,piano,112,73,127.89478799999999,128.09133413125
True,piano,112,61,127.89478799999999,128.09133413125
False,piano,112,77,128.0921565,128.27883420625
True,piano,112,56,128.0921565,128.27883420625
False,piano,127,80,128.289525,129.07817663125
False,piano,127,86,128.289525,129.07817663125
False,piano,127,92,128.289525,129.07817663125
True,piano,112,34,128.289525,128.66370278124998
True,piano,112,46,128.289525,128.66370278124998
True,piano,112,56,128.48689349999998,128.68343963125
True,piano,112,62,128.684262,128.88080813125
True,piano,112,65,128.8816305,129.07817663125
False,piano,112,79,129.07899899999998,129.47291363124998
False,piano,112,91,129.07899899999998,129.47291363124998
True,piano,112,62,129.07899899999998,129.27554513125
True,piano,112,56,129.2763675,129.47291363124998
False,piano,112,77,129.473736,129.84791378124999
False,piano,112,89,129.473736,129.84791378124999
True,piano,112,53,129.473736,129.67028213125
True,piano,112,56,129.67110449999998,129.86765063125
False,piano,112,67,129.868473,130.26238763125
False,piano,112,79,129.868473,130.26238763125
True,piano,112,62,129.868473,130.06501913124998
True,piano,112,65,130.0658415,130.26238763125
False,piano,112,68,130.26321,130.65712463124999
False,piano,112,80,130.26321,130.65712463124999
True,piano,112,62,130.26321,130.45975613125
True,piano,112,56,130.4605785,130.64725620625
False,piano,112,72,130.65794699999998,131.84133563125
False,piano,112,77,130.65794699999998,131.84133563125
False,piano,112,80,130.65794699999998,131.84133563125
False,piano,112,84,130.65794699999998,131.84133563125
True,piano,112,39,130.65794699999998,130.85449313125
True,piano,112,49,130.8553155,131.05186163125
True,piano,112,53,131.052684,131.24923013125
True,piano,112,56,131.25005249999998,131.44659863125
True,piano,112,58,131.447421,131.64396713124998
True,piano,112,61,131.6447895,131.84133563125
False,piano,112,70,131.84215799999998,132.21633578125
False,piano,112,82,131.84215799999998,132.21633578125
True,piano,112,65,131.84215799999998,132.03870413125
True,piano,112,61,132.0395265,132.23607263124998
True,piano,112,58,132.236895,132.43344113125
True,piano,112,56,132.4342635,132.63080963125
False,piano,112,80,132.631632,133.00580978124998
False,piano,112,92,132.631632,133.00580978124998
True,piano,112,53,132.631632,132.82817813124998
True,piano,112,49,132.82900049999998,133.01567820625
False,piano,112,80,133.026369,133.58804685625
False,piano,112,86,133.026369,133.58804685625
False,piano,112,92,133.026369,133.58804685625
True,piano,112,34,133.026369,133.40054678125
True,piano,112,46,133.026369,133.40054678125
True,piano,112,56,133.2237375,133.42028363125
True,piano,112,62,133.42110599999998,133.61765213125
False,piano,112,79,133.6184745,133.80515220625
False,piano,112,91,133.6184745,133.80515220625
True,piano,112,65,133.6184745,133.81502063124998
False,piano,112,82,133.815843,133.94002068125
False,piano,112,94,133.815843,133.94002068125
True,piano,112,62,133.815843,134.01238913125
False,piano,112,80,133.947422,134.07159968124998
False,piano,112,92,133.947422,134.07159968124998
True,piano,112,56,134.01321149999998,134.20975763125
False,piano,112,79,134.079001,134.20317868125
False,piano,112,91,134.079001,134.20317868125
False,piano,112,77,134.21058,134.58475778125
False,piano,112,89,134.21058,134.58475778125
True,piano,112,53,134.21058,134.40712613124998
True,piano,112,56,134.4079485,134.60449463125
False,piano,112,67,134.60531699999999,134.99923163124998
False,piano,112,79,134.60531699999999,134.99923163124998
True,piano,112,62,134.60531699999999,134.80186313125
True,piano,112,65,134.8026855,134.99923163124998
False,piano,112,68,135.000054,135.39396863125
False,piano,112,80,135.000054,135.39396863125
True,piano,112,62,135.000054,135.19660013125
True,piano,112,56,135.1974225,135.38410020625
False,piano,112,72,135.394791,136.57817963124998
False,piano,112,77,135.394791,136.57817963124998
False,piano,112,80,135.394791,136.57817963124998
False,piano,112,84,135.394791,136.57817963124998
True,piano,112,39,135.394791,135.59133713125
True,piano,112,49,135.59215949999998,135.78870563125
True,piano,112,53,135.789528,135.98607413124998
True,piano,112,56,135.9868965,136.18344263125
True,piano,112,58,136.18426499999998,136.38081113125
True,piano,112,61,136.3816335,136.57817963124998
False,piano,112,70,136.579002,136.95317978125
False,piano,112,82,136.579002,136.95317978125
True,piano,112,65,136.579002,136.77554813125
True,piano,112,61,136.77637049999998,136.97291663125
True,piano,112,58,136.973739,137.17028513124998
True,piano,112,56,137.1711075,137.36765363125
False,piano,112,80,137.368476,137.74265378125
False,piano,112,92,137.368476,137.74265378125
True,piano,112,53,137.368476,137.56502213125
True,piano,112,49,137.5658445,137.75252220624998
False,piano,112,80,137.76321299999998,138.35449613125
False,piano,112,86,137.76321299999998,138.35449613125
False,piano,112,92,137.76321299999998,138.35449613125
True,piano,112,35,137.76321299999998,138.88739108125
True,piano,112,47,137.76321299999998,138.88739108125
True,piano,112,56,137.9605815,138.15712763124998
True,piano,112,62,138.15795,138.35449613125
False,piano,112,79,138.35531849999998,138.55186463125
False,piano,112,91,138.35531849999998,138.55186463125
True,piano,112,65,138.35531849999998,138.55186463125
False,piano,112,82,138.552687,138.74923313124998
False,piano,112,94,138.552687,138.74923313124998
True,piano,112,62,138.552687,138.74923313124998
False,piano,112,80,138.7500555,138.94660163125
False,piano,112,92,138.7500555,138.94660163125
True,piano,112,56,138.7500555,138.93673320624998
False,piano,112,83,138.94742399999998,139.14397013125
False,piano,112,95,138.94742399999998,139.14397013125
True,piano,112,34,138.94742399999998,139.32160178125
True,piano,112,46,138.94742399999998,139.32160178125
False,piano,112,82,139.1447925,139.34133863124998
False,piano,112,94,139.1447925,139.34133863124998
True,piano,112,53,139.1447925,139.34133863124998
False,piano,112,91,139.342161,139.53870713125
False,piano,112,103,139.342161,139.53870713125
True,piano,112,56,139.342161,139.53870713125
True,piano,112,62,139.5395295,139.73607563125
True,piano,112,56,139.736898,139.93344413124998
False,piano,112,89,139.93426649999998,140.12094420625
False,piano,112,101,139.93426649999998,140.12094420625
True,piano,112,53,139.93426649999998,140.12094420625
False,piano,112,87,140.131635,140.31831270625
False,piano,112,99,140.131635,140.31831270625
False,piano,112,86,140.3290035,140.51568120624998
False,piano,112,98,140.3290035,140.51568120624998
False,piano,112,84,140.52637199999998,140.71304970625
False,piano,112,96,140.52637199999998,140.71304970625
False,piano,112,82,140.7237405,140.91041820625
False,piano,112,94,140.7237405,140.91041820625
False,piano,112,80,140.921109,141.10778670624998
False,piano,112,92,140.921109,141.10778670624998
False,piano,112,79,141.11847749999998,141.30515520625
False,piano,112,91,141.11847749999998,141.30515520625
False,piano,112,77,141.315846,141.69002378125
False,piano,112,89,141.315846,141.69002378125
False,piano,112,67,141.71058299999999,142.10449763124998
False,piano,112,79,141.71058299999999,142.10449763124998
False,piano,112,68,142.10531999999998,142.49923463125
False,piano,112,80,142.10531999999998,142.49923463125
False,piano,127,72,142.500057,143.28870863125
False,piano,127,77,142.500057,143.28870863125
False,piano,127,80,142.500057,143.28870863125
False,piano,127,84,142.500057,143.28870863125
True,piano,112,39,142.500057,142.69660313125
True,piano,112,49,142.69742549999998,142.89397163125
True,piano,112,53,142.894794,143.09134013124998
True,piano,112,56,143.0921625,143.28870863125
False,piano,112,70,143.28953099999998,143.66370878125
False,piano,112,82,143.28953099999998,143.66370878125
True,piano,112,58,143.28953099999998,143.48607713125
True,piano,112,61,143.4868995,143.68344563124998
False,piano,127,75,143.684268,144.47291963125
False,piano,127,80,143.684268,144.47291963125
False,piano,127,82,143.684268,144.47291963125
False,piano,127,87,143.684268,144.47291963125
True,piano,112,65,143.684268,143.88081413125
True,piano,112,61,143.88163649999998,144.07818263125
True,piano,112,58,144.079005,144.27555113124998
True,piano,112,56,144.2763735,144.47291963125
False,piano,112,73,144.473742,144.84791978125
False,piano,112,85,144.473742,144.84791978125
True,piano,112,53,144.473742,144.67028813125
True,piano,112,49,144.6711105,144.85778820624998
False,piano,127,79,144.86847899999998,145.65713063125
False,piano,127,82,144.86847899999998,145.65713063125
False,piano,127,85,144.86847899999998,145.65713063125
False,piano,127,91,144.86847899999998,145.65713063125
True,piano,112,39,144.86847899999998,145.06502513125
True,piano,112,49,145.0658475,145.26239363124998
True,piano,112,53,145.263216,145.45976213125
True,piano,112,56,145.46058449999998,145.65713063125
False,piano,112,77,145.657953,146.03213078125
False,piano,112,89,145.657953,146.03213078125
True,piano,112,58,145.657953,145.85449913124998
True,piano,112,61,145.8553215,146.05186763125
False,piano,127,84,146.05268999999998,146.84134163125
False,piano,127,89,146.05268999999998,146.84134163125
False,piano,127,96,146.05268999999998,146.84134163125
True,piano,112,68,146.05268999999998,146.24923613125
True,piano,112,65,146.2500585,146.44660463124998
True,piano,112,61,146.447427,146.64397313125
True,piano,112,56,146.6447955,146.84134163125
False,piano,112,82,146.842164,147.21634178124998
False,piano,112,94,146.842164,147.21634178124998
True,piano,112,53,146.842164,147.03871013124999
True,piano,112,49,147.03953249999998,147.22621020625
False,piano,127,89,147.236901,149.60450063125
True,piano,112,39,147.236901,147.43344713124998
False,piano,127,91,147.29611154999998,149.60450063125
False,piano,127,94,147.35696683749998,149.60367826249998
False,piano,127,97,147.4161773875,149.60367826249998
True,piano,112,46,147.4342695,147.63081563125
False,piano,127,101,147.47785504375,149.60367826249998
True,piano,112,49,147.63163799999998,147.82818413125
True,piano,112,55,147.8290065,148.02555263124998
True,piano,112,58,148.026375,148.22292113125
True,piano,112,61,148.22374349999998,148.42028963125
True,piano,112,67,148.421112,148.61765813124998
True,piano,112,70,148.6184805,148.81502663125
True,piano,112,73,148.815849,149.01239513125
True,piano,112,79,149.0132175,149.20976363124998
True,piano,112,82,149.21058599999998,149.40713213125
True,piano,112,85,149.4079545,149.59463220625
False,piano,112,100,149.605323,149.79200070624998
True,piano,112,91,149.605323,149.79200070624998
False,piano,112,96,149.80269149999998,149.98936920625
True,piano,112,94,149.80269149999998,149.98936920625
False,piano,112,99,150.00006,150.18673770625
True,piano,112,90,150.00006,150.18673770625
False,piano,112,95,150.1974285,150.38410620624998
True,piano,112,93,150.1974285,150.38410620624998
False,piano,112,98,150.39479699999998,150.58147470625
True,piano,112,89,150.39479699999998,150.58147470625
False,piano,112,94,150.5921655,150.77884320625
True,piano,112,92,150.5921655,150.77884320625
False,piano,112,97,150.789534,150.97621170624998
True,piano,112,88,150.789534,150.97621170624998
False,piano,112,93,150.98690249999999,151.17358020625
True,piano,112,91,150.98690249999999,151.17358020625
False,piano,112,96,151.184271,151.37094870625
True,piano,112,87,151.184271,151.37094870625
False,piano,112,92,151.38163949999998,151.56831720625
True,piano,112,90,151.38163949999998,151.56831720625
False,piano,112,95,151.579008,151.76568570625
True,piano,112,86,151.579008,151.76568570625
False,piano,112,91,151.7763765,151.96305420624998
True,piano,112,89,151.7763765,151.96305420624998
False,piano,112,94,151.97374499999998,152.16042270625
True,piano,112,85,151.97374499999998,152.16042270625
False,piano,112,90,152.1711135,152.35779120625
True,piano,112,88,152.1711135,152.35779120625
False,piano,112,93,152.368482,152.55515970624998
True,piano,112,84,152.368482,152.55515970624998
False,piano,112,89,152.56585049999998,152.75252820625
True,piano,112,87,152.56585049999998,152.75252820625
False,piano,112,92,152.763219,152.94989670625
True,piano,112,83,152.763219,152.94989670625
False,piano,112,88,152.9605875,153.14726520624998
True,piano,112,86,152.9605875,153.14726520624998
False,piano,112,91,153.15795599999998,153.34463370625
True,piano,112,82,153.15795599999998,153.34463370625
False,piano,112,87,153.3553245,153.54200220625
True,piano,112,85,153.3553245,153.54200220625
False,piano,112,90,153.552693,153.73937070624999
True,piano,112,81,153.552693,153.73937070624999
False,piano,111,86,153.7500615,153.93673920625
True,piano,111,84,153.7500615,153.93673920625
False,piano,111,89,153.94743,154.13410770624998
True,piano,111,80,153.94743,154.13410770624998
False,piano,110,85,154.14479849999998,154.33147620625
True,piano,110,83,154.14479849999998,154.33147620625
False,piano,109,88,154.342167,154.52884470625
True,piano,109,79,154.342167,154.52884470625
False,piano,109,84,154.5395355,154.72621320624998
True,piano,109,82,154.5395355,154.72621320624998
False,piano,108,87,154.73690399999998,154.92358170625
True,piano,108,78,154.73690399999998,154.92358170625
False,piano,108,83,154.9342725,155.12095020625
True,piano,108,81,154.9342725,155.12095020625
False,piano,107,86,155.131641,155.31831870624998
True,piano,107,77,155.131641,155.31831870624998
False,piano,106,82,155.32900949999998,155.51568720625
True,piano,106,80,155.32900949999998,155.51568720625
False,piano,106,85,155.526378,155.71305570625
True,piano,106,76,155.526378,155.71305570625
False,piano,105,81,155.7237465,155.91042420624998
True,piano,105,79,155.7237465,155.91042420624998
False,piano,104,84,155.921115,156.10779270625
True,piano,104,75,155.921115,156.10779270625
False,piano,104,80,156.1184835,156.30516120624998
True,piano,104,78,156.1184835,156.30516120624998
False,piano,103,83,156.31585199999998,156.50252970625
True,piano,103,74,156.31585199999998,156.50252970625
False,piano,103,79,156.5132205,156.69989820625
True,piano,103,77,156.5132205,156.69989820625
False,piano,102,82,156.710589,156.89726670624998
True,piano,102,73,156.710589,156.89726670624998
False,piano,101,78,156.90795749999998,157.09463520625
True,piano,101,76,156.90795749999998,157.09463520625
False,piano,101,81,157.105326,157.29200370625
True,piano,101,72,157.105326,157.29200370625
False,piano,100,77,157.3026945,157.48937220624998
True,piano,100,75,157.3026945,157.48937220624998
False,piano,99,80,157.50006299999998,157.68674070625
True,piano,99,71,157.50006299999998,157.68674070625
False,piano,99,76,157.6974315,157.88410920625
True,piano,99,74,157.6974315,157.88410920625
False,piano,98,79,157.8948,158.08147770624998
True,piano,98,70,157.8948,158.08147770624998
False,piano,98,75,158.09216849999999,158.27884620625
True,piano,98,73,158.09216849999999,158.27884620625
False,piano,97,78,158.289537,158.47621470624998
True,piano,97,69,158.289537,158.47621470624998
False,piano,96,74,158.48690549999998,158.67358320625
True,piano,96,72,158.48690549999998,158.67358320625
False,piano,96,77,158.684274,158.87095170625
True,piano,96,68,158.684274,158.87095170625
False,piano,95,74,158.8816425,159.06832020624998
True,piano,95,71,158.8816425,159.06832020624998
False,piano,94,77,159.07901099999998,159.27555713125
False,piano,94,73,159.07901099999998,159.27555713125
True,piano,94,67,159.07901099999998,159.26568870625
True,piano,94,70,159.07901099999998,159.26568870625
False,piano,94,75,159.2763795,159.47292563124998
False,piano,93,73,159.473748,159.67029413125
False,piano,93,70,159.67111649999998,159.86766263125
False,piano,92,67,159.868485,160.06503113124998
False,piano,91,62,160.0658535,160.25253120624998
False,piano,91,63,160.26322199999998,160.45976813125
False,piano,90,67,160.4605905,160.65713663124998
False,piano,89,70,160.65795899999998,160.85450513125
False,piano,89,73,160.8553275,161.05187363125
False,piano,88,74,161.052696,161.24924213124999
False,piano,88,77,161.25006449999998,161.43674220625
False,piano,87,75,161.447433,161.64397913124998
False,piano,86,79,161.6448015,161.84134763125
False,piano,86,82,161.84216999999998,162.03871613125
False,piano,85,85,162.0395385,162.23608463124998
False,piano,84,86,162.236907,162.43345313125
False,piano,84,89,162.43427549999998,162.62095320625
False,piano,83,87,162.631644,162.82819013124998
False,piano,83,91,162.82901249999998,163.02555863125
False,piano,82,94,163.026381,163.22292713125
False,piano,81,97,163.2237495,163.42029563124999
False,piano,81,100,163.42111799999998,163.61766413125
False,piano,80,101,163.6184865,163.80516420625
False,piano,79,96,163.815855,164.00253270624998
False,piano,79,97,164.01322349999998,164.19990120625
False,piano,78,93,164.210592,164.39726970625
False,piano,78,94,164.4079605,164.59463820624998
False,piano,77,90,164.60532899999998,164.79200670625
False,piano,76,91,164.8026975,164.98937520625
False,piano,76,88,165.000066,165.18674370624998
False,piano,75,89,165.19743449999999,165.38411220625
False,piano,74,84,165.394803,165.58148070624998
False,piano,74,85,165.59217149999998,165.77884920625
False,piano,73,81,165.78954,165.97621770625
False,piano,73,82,165.9869085,166.17358620624998
False,piano,72,78,166.18427699999998,166.37095470625
False,piano,71,79,166.3816455,166.56832320625
False,piano,71,76,166.579014,166.76569170624998
False,piano,70,77,166.77638249999998,166.96306020625
False,piano,69,72,166.973751,167.16042870625
False,piano,69,73,167.1711195,167.35779720624998
False,piano,68,69,167.36848799999999,167.55516570625
False,piano,68,70,167.5658565,167.75253420624998
False,piano,67,66,167.76322499999998,167.94990270625
False,piano,66,67,167.9605935,168.14727120625
False,piano,66,64,168.157962,168.34463970624998
False,piano,65,65,168.35533049999998,168.54200820625
False,piano,64,62,168.552699,168.74924513124998
False,piano,64,63,168.7500675,168.94661363125
False,piano,63,64,168.94743599999998,169.14398213125
False,piano,63,63,169.1448045,169.34135063124998
False,piano,62,65,169.342173,169.53871913125
False,piano,61,63,169.53954149999998,169.73608763125
False,piano,61,66,169.73691,169.93345613124998
False,piano,60,63,169.93427849999998,170.13082463125
False,piano,59,67,170.131647,170.32819313125
False,piano,59,63,170.3290155,170.52556163124999
False,piano,58,68,170.52638399999998,170.72293013125
False,piano,58,63,170.7237525,170.92029863124998
False,piano,57,69,170.921121,171.11766713125
False,piano,56,63,171.11848949999998,171.31503563125
False,piano,56,70,171.315858,171.51240413124998
False,piano,55,63,171.5132265,171.70977263125
False,piano,54,71,171.71059499999998,171.89727270625
False,piano,61,63,172.894806,173.28872063125
False,piano,58,72,173.28954299999998,174.47293163125
True,piano,49,44,173.28954299999998,173.66372078125
False,piano,49,60,173.4869115,173.68345763124998
False,piano,49,63,173.68428,173.88082613125
False,piano,49,68,173.88164849999998,174.07819463125
False,piano,49,63,174.079017,174.27556313124998
True,piano,49,75,174.079017,174.27556313124998
True,piano,49,80,174.079017,174.27556313124998
True,piano,49,84,174.079017,174.27556313124998
False,piano,49,60,174.2763855,174.46306320624998
False,piano,58,72,174.47375399999999,175.65714263125
True,piano,49,75,174.47375399999999,174.67030013125
True,piano,49,80,174.47375399999999,174.67030013125
True,piano,49,84,174.47375399999999,174.67030013125
False,piano,49,60,174.6711225,174.86766863124998
False,piano,49,63,174.86849099999998,175.06503713125
False,piano,49,68,175.0658595,175.26240563124998
False,piano,49,63,175.263228,175.45977413125
False,piano,49,60,175.46059649999998,175.64727420625
False,piano,58,72,175.657965,177.21635378124998
True,piano,49,43,175.657965,176.03214278125
False,piano,49,60,175.8553335,176.05187963125
False,piano,49,64,176.05270199999998,176.24924813125
False,piano,49,70,176.2500705,176.44661663124998
False,piano,49,64,176.447439,176.64398513125
True,piano,49,76,176.447439,176.64398513125
True,piano,49,82,176.447439,176.64398513125
True,piano,49,84,176.447439,176.64398513125
False,piano,49,60,176.64480749999998,176.83148520625
True,piano,49,76,176.842176,177.03872213124998
True,piano,49,82,176.842176,177.03872213124998
True,piano,49,84,176.842176,177.03872213124998
False,piano,49,60,177.03954449999998,177.23609063125
False,piano,49,64,177.236913,177.43345913124998
False,piano,49,70,177.4342815,177.63082763124999
False,piano,49,64,177.63164999999998,177.82819613125
False,piano,58,72,177.63164999999998,178.02556463124998
False,piano,49,60,177.8290185,178.01569620625
False,piano,58,72,178.026387,178.81503863125
True,piano,49,41,178.026387,178.40056478124998
False,piano,49,63,178.22375549999998,178.42030163125
False,piano,49,65,178.421124,178.61767013124998
False,piano,49,69,178.6184925,178.81503863125
False,piano,49,65,178.81586099999998,179.01240713125
False,piano,58,72,178.81586099999998,179.20977563124998
True,piano,49,75,178.81586099999998,179.01240713125
True,piano,49,81,178.81586099999998,179.01240713125
True,piano,49,84,178.81586099999998,179.01240713125
False,piano,49,63,179.0132295,179.20977563124998
False,piano,58,73,179.21059799999998,179.99924963125
True,piano,49,75,179.21059799999998,179.40714413125
True,piano,49,81,179.21059799999998,179.40714413125
True,piano,49,85,179.21059799999998,179.40714413125
False,piano,49,63,179.4079665,179.60451263125
False,piano,49,65,179.605335,179.80188113124998
False,piano,49,69,179.80270349999998,179.99924963125
False,piano,49,65,180.000072,180.18674970625
False,piano,58,72,180.000072,180.39398663125
False,piano,49,63,180.1974405,180.38411820624998
False,piano,58,72,180.39480899999998,181.57819763125
True,piano,49,34,180.39480899999998,180.76898678125
True,piano,49,46,180.39480899999998,180.76898678125
False,piano,49,56,180.5921775,180.78872363124998
False,piano,49,62,180.789546,180.98609213125
False,piano,49,65,180.98691449999998,181.18346063125
False,piano,49,62,181.184283,181.38082913124998
True,piano,49,74,181.184283,181.38082913124998
True,piano,49,77,181.184283,181.38082913124998
True,piano,49,84,181.184283,181.38082913124998
False,piano,49,56,181.38165149999998,181.57819763125
False,piano,58,65,181.57901999999999,181.97293463124998
True,piano,49,74,181.57901999999999,181.77556613125
True,piano,49,77,181.57901999999999,181.77556613125
False,piano,49,56,181.7763885,181.96306620624998
False,piano,49,58,181.97375699999998,182.16043470625
False,piano,49,62,182.1711255,182.35780320625
False,piano,49,58,182.368494,182.55517170624998
False,piano,58,65,182.368494,182.76240863125
False,piano,49,56,182.56586249999998,182.75254020625
False,piano,58,65,182.763231,183.15714563125
True,piano,49,39,182.763231,183.13740878125
True,piano,49,51,182.763231,183.13740878125
False,piano,49,58,182.9605995,183.15714563125
False,piano,49,61,183.15796799999998,183.35451413125
False,piano,58,67,183.15796799999998,183.55188263124998
False,piano,49,63,183.3553365,183.55188263124998
False,piano,49,61,183.552705,183.74925113125
False,piano,58,68,183.552705,183.94661963125
True,piano,49,80,183.552705,183.92688278125
True,piano,49,70,183.552705,183.92688278125
True,piano,49,73,183.552705,183.92688278125
False,piano,49,58,183.75007349999998,183.94661963125
False,piano,58,72,183.947442,184.73609363125
True,piano,49,73,183.947442,184.34135663125
True,piano,49,75,184.0132315,184.3405342625
True,piano,49,79,184.07984336874998,184.3405342625
False,piano,49,61,184.14481049999998,184.34135663125
True,piano,49,84,184.1464552375,184.3405342625
False,piano,49,63,184.342179,184.53872513124998
False,piano,49,67,184.5395475,184.73609363125
False,piano,49,63,184.73691599999998,184.93346213125
False,piano,58,70,184.73691599999998,185.13083063124998
True,piano,49,82,184.73691599999998,185.11109378125
False,piano,49,61,184.9342845,185.13083063124998
False,piano,58,68,185.131653,186.31504163124998
True,piano,49,32,185.131653,185.50583078124998
True,piano,49,44,185.131653,185.50583078124998
False,piano,49,60,185.32902149999998,185.51569920625
False,piano,49,63,185.52639,185.71306770625
False,piano,49,65,185.7237585,185.91043620624998
False,piano,49,63,185.92112699999998,186.10780470625
True,piano,49,72,185.92112699999998,186.11767313125
True,piano,49,75,185.92112699999998,186.11767313125
True,piano,49,80,185.92112699999998,186.11767313125
False,piano,49,60,186.1184955,186.30517320624998
False,piano,49,56,186.31586399999998,186.50254170624999
True,piano,49,72,186.31586399999998,186.51241013125
True,piano,49,75,186.31586399999998,186.51241013125
True,piano,49,80,186.31586399999998,186.51241013125
False,piano,49,60,186.5132325,186.69991020625
False,piano,49,63,186.710601,186.89727870624998
False,piano,49,65,186.90796949999998,187.09464720625
False,piano,58,63,187.105338,187.49925263125
False,piano,49,68,187.3027065,187.48938420624998
False,piano,58,72,187.50007499999998,188.68346363125
True,piano,49,44,187.50007499999998,187.89398963124998
True,piano,49,51,187.56586449999998,187.8931672625
True,piano,49,60,187.63247636875,187.8931672625
False,piano,49,62,187.6974435,187.88412120625
False,piano,49,63,187.894812,188.08148970624998
False,piano,49,68,188.09218049999998,188.27885820625
False,piano,49,63,188.289549,188.47622670625
True,piano,49,75,188.289549,188.48609513124998
True,piano,49,80,188.289549,188.48609513124998
True,piano,49,84,188.289549,188.48609513124998
False,piano,49,60,188.48691749999998,188.67359520624998
False,piano,58,72,188.684286,189.86767463125
True,piano,49,75,188.684286,188.88083213125
True,piano,49,80,188.684286,188.88083213125
True,piano,49,84,188.684286,188.88083213125
False,piano,49,60,188.8816545,189.06833220624998
False,piano,49,63,189.07902299999998,189.26570070625
False,piano,49,68,189.2763915,189.46306920625
False,piano,49,63,189.47376,189.66043770624998
False,piano,49,60,189.67112849999998,189.85780620625
False,piano,58,72,189.868497,191.42688578124998
True,piano,49,43,189.868497,190.26241163125
True,piano,49,52,189.93428649999998,190.2615892625
True,piano,49,58,190.00089836875,190.2615892625
False,piano,49,60,190.0658655,190.25254320624998
False,piano,49,64,190.26323399999998,190.44991170625
False,piano,49,70,190.4606025,190.64728020625
False,piano,49,64,190.65797099999997,190.84464870624998
True,piano,49,76,190.65797099999997,190.85451713125
True,piano,49,82,190.65797099999997,190.85451713125
True,piano,49,84,190.65797099999997,190.85451713125
False,piano,49,60,190.85533949999999,191.04201720625
True,piano,49,76,191.052708,191.24925413124998
True,piano,49,82,191.052708,191.24925413124998
True,piano,49,84,191.052708,191.24925413124998
False,piano,49,60,191.25007649999998,191.43675420625
False,piano,49,64,191.447445,191.63412270625
False,piano,49,70,191.6448135,191.83149120624998
False,piano,49,64,191.84218199999998,192.02885970625
False,piano,58,72,191.84218199999998,192.23609663124998
False,piano,49,60,192.0395505,192.22622820625
False,piano,58,72,192.236919,193.02557063125
True,piano,49,41,192.236919,193.42030763124998
True,piano,49,57,192.236919,193.42030763124998
False,piano,49,60,192.43428749999998,192.63083363125
False,piano,49,65,192.631656,192.82820213124998
False,piano,49,69,192.8290245,193.02557063125
False,piano,49,65,193.02639299999998,193.22293913125
False,piano,58,72,193.02639299999998,193.42030763124998
False,piano,49,60,193.2237615,193.42030763124998
False,piano,58,73,193.42112999999998,194.20978163125
True,piano,49,39,193.42112999999998,194.60451863125
True,piano,49,54,193.42112999999998,194.60451863125
False,piano,49,60,193.6184985,193.81504463124998
False,piano,49,66,193.815867,194.01241313124999
False,piano,49,69,194.01323549999998,194.20978163125
False,piano,49,66,194.210604,194.39728170625
False,piano,58,72,194.210604,194.60451863125
False,piano,49,60,194.4079725,194.59465020624998
False,piano,58,77,194.60534099999998,196.97294063125
True,piano,49,38,194.60534099999998,194.97951878125
True,piano,49,53,194.60534099999998,194.97951878125
False,piano,49,65,194.8027095,194.98938720625
False,piano,49,68,195.000078,195.18675570624998
False,piano,49,72,195.19744649999998,195.38412420625
False,piano,49,68,195.394815,195.58149270624997
True,piano,49,80,195.394815,195.59136113124998
True,piano,49,84,195.394815,195.59136113124998
True,piano,49,89,195.394815,195.59136113124998
False,piano,49,65,195.59218349999998,195.77886120624999
True,piano,49,80,195.789552,195.98609813124997
True,piano,49,83,195.789552,195.98609813124997
True,piano,49,89,195.789552,195.98609813124997
False,piano,49,65,195.9869205,196.17359820624998
False,piano,49,68,196.18428899999998,196.37096670625
False,piano,49,71,196.3816575,196.56833520625
False,piano,49,68,196.579026,196.76570370624998
False,piano,49,65,196.77639449999998,196.96307220625
True,piano,49,37,196.973763,197.34794078124997
True,piano,49,52,196.973763,197.34794078124997
False,piano,49,58,197.1711315,197.35780920624998
False,piano,49,64,197.36849999999998,197.55517770625
False,piano,49,68,197.5658685,197.75254620624997
False,piano,49,64,197.76323699999998,197.94991470624998
True,piano,49,76,197.76323699999998,197.95978313125
True,piano,49,80,197.76323699999998,197.95978313125
True,piano,49,82,197.76323699999998,197.95978313125
False,piano,49,58,197.96060549999999,198.14728320625
False,piano,58,70,198.157974,199.34136263124998
True,piano,49,76,198.157974,198.35452013124998
True,piano,49,79,198.157974,198.35452013124998
True,piano,49,82,198.157974,198.35452013124998
False,piano,49,58,198.35534249999998,198.54202020625
False,piano,49,64,198.552711,198.73938870625
False,piano,49,67,198.7500795,198.93675720624998
False,piano,49,64,198.94744799999998,199.13412570625
False,piano,49,58,199.1448165,199.33149420625
False,piano,58,75,199.342185,201.70978463125
True,piano,49,36,199.342185,199.73609963125
True,piano,49,51,199.40550739374999,199.73527726249998
False,piano,49,63,199.53955349999998,199.72623120625
False,piano,49,66,199.736922,199.92359970625
False,piano,49,70,199.93429049999997,200.12096820624998
False,piano,49,66,200.13165899999998,200.31833670625
True,piano,49,78,200.13165899999998,200.32820513125
True,piano,49,82,200.13165899999998,200.32820513125
True,piano,49,87,200.13165899999998,200.32820513125
False,piano,49,63,200.3290275,200.51570520624998
True,piano,49,78,200.52639599999998,200.72294213125
True,piano,49,81,200.52639599999998,200.72294213125
True,piano,49,87,200.52639599999998,200.72294213125
False,piano,49,63,200.7237645,200.91044220625
False,piano,49,66,200.921133,201.10781070624998
False,piano,49,69,201.11850149999998,201.30517920625
False,piano,49,66,201.31587,201.50254770625
False,piano,49,63,201.5132385,201.69991620624998
True,piano,49,35,201.71060699999998,202.08478478125
True,piano,49,50,201.71060699999998,202.08478478125
False,piano,49,56,201.9079755,202.09465320625
False,piano,49,62,202.10534399999997,202.29202170624998
False,piano,49,66,202.30271249999998,202.48939020625
False,piano,49,62,202.500081,202.68675870624998
True,piano,49,74,202.500081,202.69662713124998
True,piano,49,78,202.500081,202.69662713124998
True,piano,49,80,202.500081,202.69662713124998
False,piano,49,56,202.69744949999998,202.88412720624999
False,piano,58,68,202.894818,204.07820663125
True,piano,49,74,202.894818,203.09136413124997
True,piano,49,77,202.894818,203.09136413124997
True,piano,49,80,202.894818,203.09136413124997
False,piano,49,56,203.0921865,203.27886420624998
False,piano,49,62,203.28955499999998,203.47623270625
False,piano,49,65,203.4869235,203.67360120625
False,piano,49,62,203.684292,203.87096970624998
False,piano,49,56,203.88166049999998,204.06833820625
False,piano,58,73,204.079029,206.01241793124998
True,piano,49,34,204.079029,204.45320678124997
True,piano,49,49,204.079029,204.45320678124997
False,piano,49,61,204.2763975,204.46307520624998
False,piano,49,65,204.47376599999998,204.66044370625
False,piano,49,68,204.6711345,204.85781220624997
False,piano,49,65,204.86850299999998,205.05518070624998
True,piano,49,77,204.86850299999998,205.06504913125
True,piano,49,80,204.86850299999998,205.06504913125
True,piano,49,85,204.86850299999998,205.06504913125
False,piano,49,61,205.0658715,205.25254920625
True,piano,49,76,205.26324,205.45978613124998
True,piano,49,80,205.26324,205.45978613124998
True,piano,49,85,205.26324,205.45978613124998
False,piano,49,61,205.46060849999998,205.64728620625
False,piano,49,64,205.657977,205.84465470625
False,piano,49,68,205.8553455,206.04202320624998
False,piano,49,64,206.05271399999998,206.23939170625
False,piano,58,72,206.05271399999998,206.44662863124998
False,piano,49,61,206.2500825,206.43676020625
False,piano,58,72,206.447451,207.23610263125
True,piano,49,39,206.447451,208.69662953124998
False,piano,49,61,206.64481949999998,206.84136563125
False,piano,49,64,206.842188,207.03873413124998
False,piano,49,67,207.03955649999997,207.23610263125
False,piano,49,64,207.23692499999999,207.42360270625
False,piano,58,70,207.23692499999999,207.63083963124998
False,piano,49,61,207.4342935,207.62097120624998
False,piano,58,72,207.63166199999998,208.42031363125
True,piano,49,55,207.63166199999998,208.75584008125
False,piano,49,61,207.8290305,208.02557663124998
False,piano,48,63,208.026399,208.22294513125
False,piano,48,67,208.22376749999998,208.42031363125
False,piano,48,63,208.421136,208.60781370625
False,piano,57,70,208.421136,208.81505063125
False,piano,48,61,208.6185045,208.80518220624998
False,piano,48,60,208.81587299999998,209.01241913125
False,piano,48,63,208.87837302499997,209.01159676249998
False,piano,48,68,208.94169541875,209.01159676249998
False,piano,48,32,209.0132415,209.20978763124998
False,piano,48,44,209.21060999999997,209.40715613125
False,piano,47,51,209.40797849999998,209.60452463125
False,piano,47,56,209.605347,209.80189313124998
False,piano,47,60,209.80271549999998,209.99926163125
False,piano,47,63,210.000084,210.19663013124998
False,piano,47,68,210.1974525,210.39399863124999
False,piano,47,72,210.39482099999998,210.59136713125
False,piano,47,75,210.5921895,210.78873563124998
False,piano,47,80,210.789558,210.98610413125
False,piano,46,82,210.98692649999998,211.17360420625
False,piano,46,75,211.184295,211.97294663124998
False,piano,46,84,211.184295,211.97294663124998
True,piano,46,68,211.184295,211.97294663124998
True,piano,46,72,211.184295,211.97294663124998
False,piano,46,76,211.97376899999998,212.17031513125
False,piano,46,84,211.97376899999998,212.17031513125
True,piano,46,67,211.97376899999998,212.17031513125
True,piano,46,70,211.97376899999998,212.17031513125
False,piano,45,77,212.368506,212.56505213124998
False,piano,45,84,212.368506,212.56505213124998
True,piano,45,65,212.368506,212.56505213124998
True,piano,45,69,212.368506,212.56505213124998
False,piano,45,78,212.763243,212.95978913124998
False,piano,45,85,212.763243,212.95978913124998
True,piano,45,63,212.763243,212.95978913124998
True,piano,45,69,212.763243,212.95978913124998
False,piano,45,78,213.15797999999998,213.35452613125
False,piano,45,84,213.15797999999998,213.35452613125
True,piano,45,63,213.15797999999998,213.35452613125
True,piano,45,69,213.15797999999998,213.35452613125
False,piano,45,80,213.552717,213.74926313125
False,piano,45,89,213.552717,213.74926313125
True,piano,45,62,213.552717,213.74926313125
True,piano,45,71,213.552717,213.74926313125
False,piano,43,73,215.92113899999998,216.70979063124997
False,piano,43,82,215.92113899999998,216.70979063124997
True,piano,43,66,215.92113899999998,216.70979063124997
True,piano,43,70,215.92113899999998,216.70979063124997
False,piano,43,74,216.710613,216.90715913124998
False,piano,43,82,216.710613,216.90715913124998
True,piano,43,64,216.710613,216.90715913124998
True,piano,43,68,216.710613,216.90715913124998
False,piano,42,75,217.10535,217.30189613124998
False,piano,42,82,217.10535,217.30189613124998
True,piano,42,63,217.10535,217.30189613124998
True,piano,42,67,217.10535,217.30189613124998
False,piano,42,76,217.50008699999998,217.69663313125
False,piano,42,84,217.50008699999998,217.69663313125
True,piano,42,61,217.50008699999998,217.69663313125
True,piano,42,67,217.50008699999998,217.69663313125
False,piano,42,76,217.894824,218.09137013125
False,piano,42,82,217.894824,218.09137013125
True,piano,42,61,217.894824,218.09137013125
True,piano,42,67,217.894824,218.09137013125
False,piano,41,78,218.289561,218.48610713124998
False,piano,41,87,218.289561,218.48610713124998
True,piano,41,60,218.289561,218.48610713124998
True,piano,41,69,218.289561,218.48610713124998
False,piano,40,61,220.65798299999997,223.02558263125
True,piano,40,37,220.65798299999997,223.02558263125
False,piano,40,64,220.70979223125,223.0247602625
True,piano,40,57,220.70979223125,223.0247602625
False,piano,40,73,220.76160146249998,223.0247602625
False,piano,38,65,223.02640499999998,224.52558323124998
False,piano,38,70,223.02640499999998,224.90058338125
False,piano,38,61,223.02640499999998,225.27558353125
True,piano,38,39,223.02640499999998,225.33479408124998
True,piano,38,56,223.075747125,224.2089712625
True,piano,37,55,224.210616,225.33479408124998
False,piano,37,63,224.60535299999998,225.35453093125
False,piano,37,72,225.00009,225.37426778124998
False,piano,37,60,225.394827,226.89400523125
False,piano,37,68,225.394827,227.64400553124997
True,piano,37,51,225.394827,226.89400523125
True,piano,37,44,225.394827,227.64400553124997
False,piano,36,59,226.973775,227.34795278124997
True,piano,36,50,226.973775,227.34795278124997
False,piano,35,60,227.36851199999998,227.74268978125
True,piano,35,51,227.36851199999998,227.74268978125
True,piano,35,44,227.76324899999997,230.13084863125
True,piano,35,55,227.80518980624998,228.9458152625
True,piano,35,63,227.84959771874998,228.9458152625
True,piano,35,68,227.89318326249997,230.1300262625
False,piano,34,61,228.94745999999998,229.73611163125
True,piano,34,53,228.94745999999998,229.73611163125
False,piano,34,60,229.736934,230.11111178124997
True,piano,34,51,229.736934,230.11111178124997
True,piano,33,44,230.13167099999998,232.49927063125
True,piano,33,51,230.19499339375,232.49844826249998
True,piano,33,60,230.25913815624997,232.49844826249998
True,piano,33,68,230.325750025,232.49844826249998
